file,class,sensor,date_deploy,time_deploy,duration[mm:ss],t_max_p_1s_nadir,t_nadir,nadir,max_p_1s_nadir,rate_pc,ratio_pc,log_RPC,treatment,inj_pos,sens_wc_pos_ent,sens_wc_pos_blade,sens_wc_pos_exit,clear_passage,rotate_hub,pres_force,passage_loc,centre_hub_contact,blade_contact,n_contact,c_1_bl,c_1_sl,c_1_bv,c_1_type,c_2_bl,c_2_sl,c_2_bv,c_2_type,t_start_roi1,t_end_roi1,t_start_roi2,t_end_roi2,t_start_roi3,t_end_roi3,t_start_roi4,t_end_roi4,t_start_roi5,t_end_roi5,t_start_roi6,t_end_roi6,max_accmag_roi1,max_accmag_roi2,max_accmag_roi3,max_accmag_roi4,max_accmag_roi5,max_accmag_roi6,max_accmag_time_roi1,max_accmag_time_roi2,max_accmag_time_roi3,max_accmag_time_roi4,max_accmag_time_roi5,max_accmag_time_roi6,nadir_acceleration,max_hig_roi1,max_hig_roi2,max_hig_roi3,max_hig_roi4,max_hig_roi5,max_hig_roi6,max_hig_time_roi1,max_hig_time_roi2,max_hig_time_roi3,max_hig_time_roi4,max_hig_time_roi5,max_hig_time_roi6,max_nadir_acc_dist,max_nadir_acc_position,acc_rms,accmag_1,accmag_1_t,accmag_1_p,guide_vane_contact,accmag_2,accmag_2_t,accmag_2_p,accmag_3,accmag_3_t,accmag_3_p,accmag_4,accmag_4_t,accmag_4_p,inj_to_pre_nadir_accmag_count,pre_nadir_event_accmag_count,nadir_event_accmag_count,post_nadir_event_accmag_count,post_nadir_to_rec_accmag_count,accmag_5,accmag_5_t,accmag_5_p,accmag_6,accmag_6_t,accmag_6_p,accmag_7,accmag_7_t,accmag_7_p,accmag_8,accmag_8_t,accmag_8_p
B67-0807110036_imp,100_imp,B67,07/08,11:00:36,00:59:00,29.13,29.15,799,1148.8,349.8,1.25156445556946,0.224394333215862,400 (50%),High,NA,NA,NA,Contact,NA,NA,NA,No CH contact,Blade contact,1,NA,NA,NA,NA,NA,NA,NA,NA,27.23,31.07,28.95,29.35,28.45,28.95,29.35,29.85,27.23,28.45,29.85,31.07,232.569,232.569,18.327,227.207,0.536,133.357,29.33,29.33,28.95,29.39,27.73,30.6,197.803,566.9,566.9,NA,437.8,NA,431.3,29.123,29.123,NA,29.473,NA,31.0165,0.18,After nadir,118.005938719202,232.569,29.33,1400.4,No GV contact,111.601,29.92,1326.3,103.886,30.09,1410.1,133.357,30.6,1377.4,0,0,1,0,3,NA,NA,NA,NA,NA,NA,NA,NA,NA,NA,NA,NA
B67-0807111934_imp,100_imp,B67,07/08,11:19:34,00:59:00,28.74,29.58,956.3,1052.3,96,1.04569695702186,0.0446836076266401,400 (50%),Low,NA,NA,NA,No contact,NA,NA,NA,No CH contact,No blade contact,0,NA,NA,NA,NA,NA,NA,NA,NA,27.66,31.5,29.38,29.78,28.88,29.38,29.78,30.28,27.66,28.88,30.28,31.5,235.343,216.127,1.774,157.075,0.269,235.343,30.64,29.76,29.12,29.78,28.88,30.64,184.992,427.9,370.8,NA,427.9,NA,348,29.888,29.775,NA,29.888,NA,30.629,0.18,After nadir,109.381797586565,216.127,29.76,1138.1,GV contact,150.775,29.97,1337.4,235.343,30.64,1283.2,214.497,30.69,1403.4,0,0,1,1,2,NA,NA,NA,NA,NA,NA,NA,NA,NA,NA,NA,NA
B67-0807114333_imp,100_imp,B67,07/08,11:43:33,00:59:00,22.7,23.54,950.8,1043.8,93,1.051745898191,0.0504515434960982,400 (50%),High,NA,NA,NA,No contact,NA,NA,NA,No CH contact,No blade contact,0,NA,NA,NA,NA,NA,NA,NA,NA,21.62,25.46,23.34,23.74,22.84,23.34,23.74,24.24,21.62,22.84,24.24,25.46,159.837,130.874,3.649,159.837,1.387,95.614,23.76,23.54,23.33,23.76,22.75,24.5,130.874,273.6,25.1,NA,273.6,NA,183.7,24.059,23.7335,NA,24.059,NA,24.3745,0,On nadir,69.702809500538,159.837,23.76,1296.3,GV contact,107.741,23.82,1384.4,156.051,24.06,1403.3,NA,NA,NA,0,0,0,3,0,NA,NA,NA,NA,NA,NA,NA,NA,NA,NA,NA,NA
B67-0807120104_imp,100_imp,B67,07/08,12:01:04,00:59:00,26.17,26.38,498.4,1170.9,672.5,2.00642054574639,0.696352311508894,400 (50%),Low,NA,NA,NA,Contact,NA,NA,NA,No CH contact,Blade contact,5,NA,NA,NA,NA,NA,NA,NA,NA,24.46,28.3,26.18,26.58,25.68,26.18,26.58,27.08,24.46,25.68,27.08,28.3,256.734,256.734,115.453,237.941,144.241,208.436,26.27,26.27,26.18,26.66,25.45,28.09,155.562,559.4,559.4,397.1,408.9,398.4,266.1,26.3795,26.3795,26.1785,26.719,24.565,28.038,-0.11,Before nadir,165.782680103406,143.412,25.34,982.9,No GV contact,144.241,25.45,976.8,256.734,26.27,511.8,115.265,27.13,1314.2,2,0,1,0,3,157.409,27.22,1347.5,208.436,28.09,1332.4,NA,NA,NA,NA,NA,NA
B67-0807122504_imp,100_imp,B67,07/08,12:25:04,01:00:00,23.82,23.85,872.7,1047.8,175.1,1.14586914174401,0.136163424812871,400 (50%),High,NA,NA,NA,Contact,NA,NA,NA,No CH contact,Blade contact,3,NA,NA,NA,NA,NA,NA,NA,NA,21.93,25.77,23.65,24.05,23.15,23.65,24.05,24.55,21.93,23.15,24.55,25.77,226.772,226.772,11.174,177.547,3.072,203.035,23.87,23.87,23.56,24.08,22.93,24.95,213.843,643.4,643.4,NA,340,NA,103.8,23.854,23.854,NA,24.072,NA,25.062,0.02,After nadir,100.459239710903,226.772,23.87,926.5,GV contact,177.547,24.08,1385.4,114.058,24.49,1393.2,203.035,24.95,1410.3,0,0,1,2,1,NA,NA,NA,NA,NA,NA,NA,NA,NA,NA,NA,NA
B67-0807144926_imp,100_imp,B67,07/08,14:49:26,00:59:00,38.85,38.89,904.4,1053.9,149.5,1.10570544007077,0.100483538578322,400 (50%),Low,NA,NA,NA,No contact,NA,NA,NA,No CH contact,No blade contact,0,NA,NA,NA,NA,NA,NA,NA,NA,36.97,40.81,38.69,39.09,38.19,38.69,39.09,39.59,36.97,38.19,39.59,40.81,212.534,170.463,73.889,212.534,25.538,149.404,39.18,39.04,38.36,39.18,37.4,40.64,167.747,236.1,56.7,10.4,67,42.2,236.1,39.6615,39.082,38.3335,39.3645,37.381,39.6615,0.15,After nadir,105.164038786682,212.534,39.18,1358.1,GV contact,134.131,39.51,1351.9,129.043,39.63,1313.7,114.375,40.51,1276.2,0,0,0,2,3,149.404,40.64,1316.3,NA,NA,NA,NA,NA,NA,NA,NA,NA
B67-0807151459_imp,100_imp,B67,07/08,15:14:59,00:59:00,24.52,24.55,779.7,1080.1,300.4,1.28254456842375,0.248846048666583,400 (50%),Low,NA,NA,NA,No contact,NA,NA,NA,No CH contact,No blade contact,0,NA,NA,NA,NA,NA,NA,NA,NA,22.63,26.47,24.35,24.75,23.85,24.35,24.75,25.25,22.63,23.85,25.25,26.47,188.682,182.479,61.262,188.682,19.292,90.157,24.79,24.69,24.17,24.79,23.81,25.25,170.293,617.6,617.6,NA,359.9,NA,175.9,24.648,24.648,NA,24.8835,NA,25.6195,0.14,After nadir,97.71124200281,188.682,24.79,1353.6,GV contact,124.445,25.04,1304,124.551,25.19,1359.8,NA,NA,NA,0,0,0,3,0,NA,NA,NA,NA,NA,NA,NA,NA,NA,NA,NA,NA
B67-0807152710_imp,100_imp,B67,07/08,15:27:10,00:59:00,27.72,28.53,983.1,1043.2,60.1,1.01719051978436,0.0170444346092584,400 (50%),Low,NA,NA,NA,Contact,NA,NA,NA,No CH contact,Blade contact,1,NA,NA,NA,NA,NA,NA,NA,NA,26.61,30.45,28.33,28.73,27.83,28.33,28.73,29.23,26.61,27.83,29.23,30.45,215.533,173.412,13.058,215.533,4.744,35.695,28.82,28.69,28.33,28.82,27.67,29.65,45.845,454.8,139.8,NA,454.8,NA,62,28.876,28.682,NA,28.876,NA,29.747,0.16,After nadir,98.4887030291589,215.533,28.82,1306.4,GV contact,182.585,28.88,1422.1,136.452,29.06,1281.2,NA,NA,NA,0,0,0,3,0,NA,NA,NA,NA,NA,NA,NA,NA,NA,NA,NA,NA
B67-0807154211_imp,100_imp,B67,07/08,15:42:11,00:59:00,23.57,23.59,793.2,1127.4,334.2,1.26071608673727,0.231679882336496,400 (50%),High,NA,NA,NA,Contact,NA,NA,NA,No CH contact,Blade contact,1,NA,NA,NA,NA,NA,NA,NA,NA,21.67,25.51,23.39,23.79,22.89,23.39,23.79,24.29,21.67,22.89,24.29,25.51,239.335,239.335,37.733,239.335,56.951,181.324,23.79,23.79,23.16,23.79,22.86,24.41,198.222,499.9,121.3,169.8,33.5,244.6,499.9,24.3755,23.6415,23.137,23.86,22.8565,24.3755,0.2,After nadir,129.235853270998,239.335,23.79,1152.7,GV contact,125.84,24.24,1391.3,181.324,24.41,1384.5,NA,NA,NA,0,0,0,2,1,NA,NA,NA,NA,NA,NA,NA,NA,NA,NA,NA,NA
B67-0807155319_imp,100_imp,B67,07/08,15:53:19,01:00:00,23.93,23.95,946,1091.8,145.8,1.05708245243129,0.0555127099302588,400 (50%),High,NA,NA,NA,Contact,NA,NA,NA,No CH contact,Blade contact,1,NA,NA,NA,NA,NA,NA,NA,NA,22.03,25.87,23.75,24.15,23.25,23.75,24.15,24.65,22.03,23.25,24.65,25.87,227.566,227.566,45.957,221.716,78.913,160.473,24.1,24.1,23.53,24.16,22.94,25.17,130.172,392.5,299.5,12.8,138.9,196.2,392.5,25.1865,24.0485,23.251,24.166,22.7505,25.1865,0.15,After nadir,111.765478831084,227.566,24.1,1403.1,GV contact,148.627,24.34,1376.5,163.867,24.58,1334.1,160.473,25.17,1391.9,0,0,1,2,2,125.607,25.34,1311,NA,NA,NA,NA,NA,NA,NA,NA,NA
B67-0807160632_imp,100_imp,B67,07/08,16:06:32,00:59:00,32.59,32.61,773.3,1184.3,411,1.29315918789603,0.257088207367147,400 (50%),High,NA,NA,NA,Contact,NA,NA,NA,No CH contact,Blade contact,1,NA,NA,NA,NA,NA,NA,NA,NA,30.69,34.53,32.41,32.81,31.91,32.41,32.81,33.31,30.69,31.91,33.31,34.53,236.651,236.651,126.217,176.608,40.978,68.696,32.62,32.62,31.95,32.82,31.91,33.64,155.11,321.9,321.9,114.4,115.5,7.1,128,32.8035,32.8035,31.9685,33.189,31.886,34.2605,0.01,After nadir,111.137767400119,126.217,31.95,975.1,No GV contact,236.651,32.62,836.7,183.975,32.79,1205.3,NA,NA,NA,0,1,2,0,0,NA,NA,NA,NA,NA,NA,NA,NA,NA,NA,NA,NA
B67-0808115138_imp,100_imp,B67,08/08,11:51:38,00:59:00,27.92,28.57,954.5,1035.6,81.0999999999999,1.0476689366160301,0.0465676358163348,400 (50%),Low,NA,NA,NA,No contact,NA,NA,NA,No CH contact,No blade contact,0,NA,NA,NA,NA,NA,NA,NA,NA,26.65,30.49,28.37,28.77,27.87,28.37,28.77,29.27,26.65,27.87,29.27,30.49,211.282,211.282,4.717,157.82,0.496,197.384,28.58,28.58,28.37,28.89,27.32,29.88,192.548,575.6,575.6,NA,21,NA,423.2,28.578,28.578,NA,28.871,NA,30.1455,0.01,After nadir,90.479413072809,211.282,28.58,966.9,GV contact,131.02,28.8,1271.6,157.82,28.89,1197.9,124.014,29.1,1288.8,0,0,1,3,2,114.801,29.29,1328.9,197.384,29.88,1344.1,NA,NA,NA,NA,NA,NA
B67-0808115334_imp,100_imp,B67,08/08,11:53:34,01:00:00,22.29,22.34,720.2,1286.5,566.3,1.38850319355735,0.328226327767362,400 (50%),Low,NA,NA,NA,Contact,NA,NA,NA,No CH contact,Blade contact,2,NA,NA,NA,NA,NA,NA,NA,NA,20.42,24.26,22.14,22.54,21.64,22.14,22.54,23.04,20.42,21.64,23.04,24.26,249.135,249.135,28.647,220.808,8.181,143.058,22.33,22.33,22.11,22.58,21.64,23.07,157.147,534.1,534.1,3.5,275.5,NA,188.3,22.2935,22.2935,22.14,22.664,NA,23.6395,-0.01,Before nadir,146.496330186867,249.135,22.33,877.7,GV contact,160.355,22.69,1323.1,147.458,23.01,1378.9,143.058,23.07,1385.7,0,0,1,2,1,NA,NA,NA,NA,NA,NA,NA,NA,NA,NA,NA,NA
B67-0808115510_imp,100_imp,B67,08/08,11:55:10,01:00:00,28.97,29,759.2,1214.7,455.5,1.31717597471022,0.275490031686419,400 (50%),Low,NA,NA,NA,Contact,NA,NA,NA,No CH contact,Blade contact,1,NA,NA,NA,NA,NA,NA,NA,NA,27.08,30.92,28.8,29.2,28.3,28.8,29.2,29.7,27.08,28.3,29.7,30.92,220.27,212.544,12.983,220.27,1.6,115.315,29.23,29.16,28.77,29.23,27.84,30.58,156.566,586.6,586.6,NA,486.6,NA,66.9,28.962,28.962,NA,29.3125,NA,30.741,0.16,After nadir,121.241572100256,220.27,29.23,1386.7,GV contact,215.277,29.52,1198.5,113.214,30.16,1328.2,115.315,30.58,1400.9,0,0,0,2,2,NA,NA,NA,NA,NA,NA,NA,NA,NA,NA,NA,NA
B67-0808115644_imp,100_imp,B67,08/08,11:56:44,01:00:00,27.96,27.99,939.7,1049.6,109.9,1.06416941577099,0.0621946035931177,400 (50%),Low,NA,NA,NA,Contact,NA,NA,NA,CH contact,No blade contact,1,NA,NA,NA,NA,NA,NA,NA,NA,26.07,29.91,27.79,28.19,27.29,27.79,28.19,28.69,26.07,27.29,28.69,29.91,252.972,201.941,25.973,141.531,13.65,252.972,29.41,28,27.72,28.36,26.7,29.41,171.621,304.7,208.5,NA,123.8,5.3,304.7,29.586,27.992,NA,28.565,26.661,29.586,0.01,After nadir,102.535322164561,201.941,28,962.7,GV contact,141.531,28.36,1223.2,139.42,29.06,1344.6,252.972,29.41,1224,0,0,1,1,3,153.487,29.81,1360,NA,NA,NA,NA,NA,NA,NA,NA,NA
B67-0808115828_imp,100_imp,B67,08/08,11:58:28,01:00:00,26.68,26.73,876.2,1228.8,352.6,1.14129194247889,0.132160903602339,400 (50%),Low,NA,NA,NA,Contact,NA,NA,NA,No CH contact,Blade contact,1,NA,NA,NA,NA,NA,NA,NA,NA,24.81,28.65,26.53,26.93,26.03,26.53,26.93,27.43,24.81,26.03,27.43,28.65,212.471,201.272,66.903,212.471,71.54,201.242,26.94,26.7,26.53,26.94,25.61,27.63,190.953,496.7,496.7,193.7,282.9,10,471.2,26.684,26.684,26.133,27.261,25.595,27.6745,-0.03,Before nadir,111.537892384322,212.471,26.94,1390.2,GV contact,134.969,27.15,1381.7,108.378,27.39,1321.6,201.242,27.63,1505.7,0,0,0,3,1,NA,NA,NA,NA,NA,NA,NA,NA,NA,NA,NA,NA
B67-0808120002_imp,100_imp,B67,08/08,12:00:02,01:00:00,22.13,22.17,898.6,1089.2,190.6,1.11284219897619,0.106917282346077,400 (50%),Low,NA,NA,NA,No contact,NA,NA,NA,No CH contact,No blade contact,0,NA,NA,NA,NA,NA,NA,NA,NA,20.25,24.09,21.97,22.37,21.47,21.97,22.37,22.87,20.25,21.47,22.87,24.09,210.993,210.993,13.177,195.793,0.356,85.276,22.17,22.17,21.89,22.38,21.03,23.36,210.993,511.4,222.6,NA,511.4,NA,170.4,22.477,22.188,NA,22.477,NA,23.2675,0,On nadir,110.822987028645,210.993,22.17,898.6,GV contact,161.062,22.44,1273.1,151.825,22.76,1388.4,NA,NA,NA,0,0,1,2,0,NA,NA,NA,NA,NA,NA,NA,NA,NA,NA,NA,NA
B67-0808120141_imp,100_imp,B67,08/08,12:01:41,01:00:00,28.83,28.85,861.8,1078.3,216.5,1.16036203295428,0.1487320538004,400 (50%),Low,NA,NA,NA,No contact,NA,NA,NA,No CH contact,No blade contact,0,NA,NA,NA,NA,NA,NA,NA,NA,26.93,30.77,28.65,29.05,28.15,28.65,29.05,29.55,26.93,28.15,29.55,30.77,195.787,195.787,3.041,177.5,1.135,73.825,28.87,28.87,28.59,29.52,28.11,29.72,154.675,498.3,101.3,NA,498.3,NA,89.2,29.1655,29.0415,NA,29.1655,NA,29.773,0.02,After nadir,96.6542915686321,195.787,28.87,938.8,GV contact,177.5,29.52,1249.6,NA,NA,NA,NA,NA,NA,0,0,1,1,0,NA,NA,NA,NA,NA,NA,NA,NA,NA,NA,NA,NA
B67-0808120321_imp,100_imp,B67,08/08,12:03:21,01:00:00,37.23,37.25,812.9,1102.5,289.6,1.23016361176036,0.207147178229611,400 (50%),Low,NA,NA,NA,Contact,NA,NA,NA,No CH contact,Blade contact,1,NA,NA,NA,NA,NA,NA,NA,NA,35.33,39.17,37.05,37.45,36.55,37.05,37.45,37.95,35.33,36.55,37.95,39.17,260.182,256.458,67.631,260.182,54.552,190.301,37.54,37.43,37.04,37.54,36.22,38.96,165.311,400.4,150.5,9.5,367.2,270.3,400.4,38.9745,37.4465,37.024,37.8615,35.6905,38.9745,0.18,After nadir,132.688556302747,101.399,37.15,885.2,GV contact,256.458,37.43,1495.6,132.614,37.91,1239.6,177.104,38.23,1224.7,0,0,2,1,5,133.066,38.35,1376.1,173.125,38.52,1421.3,100.105,38.69,1382.4,190.301,38.96,1350.1
B67-0808120521_imp,100_imp,B67,08/08,12:05:21,00:59:00,28.37,28.4,916.3,1064.2,147.9,1.09134562916076,0.0874114570109696,400 (50%),Low,NA,NA,NA,No contact,NA,NA,NA,No CH contact,No blade contact,0,NA,NA,NA,NA,NA,NA,NA,NA,26.48,30.32,28.2,28.6,27.7,28.2,28.6,29.1,26.48,27.7,29.1,30.32,203.039,166.906,30.476,203.039,38.526,83.221,28.61,28.59,28.01,28.61,27.54,29.58,92.279,496.4,24.7,5.9,496.4,51.7,76.2,28.6515,28.585,27.995,28.6515,27.2545,29.604,0.19,After nadir,71.9474361613749,203.039,28.61,1394.7,GV contact,145.589,29.04,1361.9,NA,NA,NA,NA,NA,NA,0,0,0,2,0,NA,NA,NA,NA,NA,NA,NA,NA,NA,NA,NA,NA
B67-0808120657_imp,100_imp,B67,08/08,12:06:57,01:00:00,24.03,24.15,564.6,1193.4,628.8,1.77116542685087,0.571637763162748,400 (50%),Low,NA,NA,NA,Contact,NA,NA,NA,No CH contact,Blade contact,2,NA,NA,NA,NA,NA,NA,NA,NA,22.23,26.07,23.95,24.35,23.45,23.95,24.35,24.85,22.23,23.45,24.85,26.07,227.366,227.366,16.091,160.117,11.37,66.896,24.23,24.23,23.94,24.35,23.37,25.28,71.481,435.1,435.1,5,166.8,NA,121.4,24.1885,24.1885,23.95,24.707,NA,24.9395,0.08,After nadir,144.095067852409,227.366,24.23,1263.3,No GV contact,NA,NA,NA,NA,NA,NA,NA,NA,NA,0,0,1,0,0,NA,NA,NA,NA,NA,NA,NA,NA,NA,NA,NA,NA
B67-0808120855_imp,100_imp,B67,08/08,12:08:55,00:59:00,25.79,25.85,580.7,1299.3,718.6,1.72205958326158,0.543521006604133,400 (50%),Low,NA,NA,NA,Contact,NA,NA,NA,No CH contact,Blade contact,2,NA,NA,NA,NA,NA,NA,NA,NA,23.93,27.77,25.65,26.05,25.15,25.65,26.05,26.55,23.93,25.15,26.55,27.77,217.252,217.252,129.962,191.756,41.875,46.774,26.04,26.04,25.22,26.08,25.07,26.55,177.444,563.6,563.6,52.8,204.9,109,86.1,25.793,25.793,25.228,26.4535,25.14,26.596,0.19,After nadir,129.848425199745,129.962,25.22,1005.4,No GV contact,217.252,26.04,1373,NA,NA,NA,NA,NA,NA,0,1,1,0,0,NA,NA,NA,NA,NA,NA,NA,NA,NA,NA,NA,NA
B67-0808121019_imp,100_imp,B67,08/08,12:10:19,01:00:00,47.02,47.32,611.7,1360.1,748.4,1.63478829491581,0.491513312733618,400 (50%),Low,NA,NA,NA,Contact,NA,NA,NA,No CH contact,Blade contact,3,NA,NA,NA,NA,NA,NA,NA,NA,45.4,49.24,47.12,47.52,46.62,47.12,47.52,48.02,45.4,46.62,48.02,49.24,237.859,237.859,213.214,207.865,167.845,59.015,47.33,47.33,47.06,47.55,46.54,48.02,115.366,598.5,598.5,465.3,284.8,252.4,131.3,47.299,47.299,47.025,47.826,46.456,48.4075,0.01,After nadir,149.039345098993,167.845,46.54,1051.4,No GV contact,121.142,46.79,948.7,237.859,47.33,756.5,NA,NA,NA,1,1,1,0,0,NA,NA,NA,NA,NA,NA,NA,NA,NA,NA,NA,NA
B67-0808121237_imp,100_imp,B67,08/08,12:12:37,00:59:00,24.63,24.66,799.9,1143.5,343.6,1.25015626953369,0.223268559127361,400 (50%),Low,NA,NA,NA,Contact,NA,NA,NA,No CH contact,Blade contact,1,NA,NA,NA,NA,NA,NA,NA,NA,22.74,26.58,24.46,24.86,23.96,24.46,24.86,25.36,22.74,23.96,25.36,26.58,230.777,221.756,96.912,230.777,32.348,209.212,24.9,24.86,24.46,24.9,23.55,25.66,141.752,584.2,584.2,13.7,106,NA,198.6,24.642,24.642,24.4445,25.054,NA,25.7445,0.2,After nadir,121.799392540637,107.596,24.48,999.3,GV contact,194.152,24.65,892.6,230.777,24.9,1364.6,142.792,25.19,1301.7,0,0,2,2,2,130.866,25.49,1373,209.212,25.66,1392.3,NA,NA,NA,NA,NA,NA
B67-0808121450_imp,100_imp,B67,08/08,12:14:50,00:59:00,23.89,24.45,936.4,1037.3,100.9,1.06791969243913,0.0657125433653813,400 (50%),Low,NA,NA,NA,No contact,NA,NA,NA,No CH contact,No blade contact,0,NA,NA,NA,NA,NA,NA,NA,NA,22.53,26.37,24.25,24.65,23.75,24.25,24.65,25.15,22.53,23.75,25.15,26.37,227.304,157.16,60.751,227.304,53.76,206.003,24.7,24.64,23.77,24.7,23.75,25.47,80.293,580.2,22,NA,580.2,NA,416.6,24.661,24.65,NA,24.661,NA,25.8345,0.19,After nadir,90.0901361156784,227.304,24.7,1174.8,GV contact,206.003,25.47,1366.4,101.266,26.07,1244.2,NA,NA,NA,0,0,0,1,2,NA,NA,NA,NA,NA,NA,NA,NA,NA,NA,NA,NA
B67-0808121648_imp,100_imp,B67,08/08,12:16:48,00:59:00,24.5,24.53,883.7,1037.4,153.7,1.1316057485572,0.123637640458178,400 (50%),Low,NA,NA,NA,No contact,NA,NA,NA,No CH contact,No blade contact,0,NA,NA,NA,NA,NA,NA,NA,NA,23.09,25.97,24.43,24.63,24.13,24.43,24.63,24.93,23.09,24.13,24.93,25.97,233.613,169.726,34.831,233.613,7.728,162.405,24.75,24.63,24.32,24.75,24.04,25.59,98.94,395.3,32,NA,390.4,NA,395.3,25.589,24.6295,NA,24.91,NA,25.589,0.1,After nadir,87.6771602884018,233.613,24.75,1532.9,GV contact,108.955,25.15,1369.3,162.405,25.59,1373.7,NA,NA,NA,0,0,0,1,2,NA,NA,NA,NA,NA,NA,NA,NA,NA,NA,NA,NA
B67-0808121845_imp,100_imp,B67,08/08,12:18:45,01:00:00,28.89,29.09,899.1,1021,121.9,1.11222333444556,0.10636101599141,400 (50%),Low,NA,NA,NA,No contact,NA,NA,NA,No CH contact,No blade contact,0,NA,NA,NA,NA,NA,NA,NA,NA,27.65,30.53,28.99,29.19,28.69,28.99,29.19,29.49,27.65,28.69,29.49,30.53,220.423,145.864,43.925,220.423,10.494,74.97,29.25,29.19,28.82,29.25,28.53,29.55,26.746,353.6,16.9,NA,353.6,NA,104.3,29.3405,29.164,NA,29.3405,NA,30.4945,0.1,After nadir,69.911242550823,220.423,29.25,1476.8,GV contact,NA,NA,NA,NA,NA,NA,NA,NA,NA,0,0,0,1,0,NA,NA,NA,NA,NA,NA,NA,NA,NA,NA,NA,NA
B67-0808122038_imp,100_imp,B67,08/08,12:20:38,00:59:00,21.69,21.71,856.9,1059.3,202.4,1.16699731590617,0.154434053307064,400 (50%),Low,NA,NA,NA,No contact,NA,NA,NA,No CH contact,No blade contact,0,NA,NA,NA,NA,NA,NA,NA,NA,20.27,23.15,21.61,21.81,21.31,21.61,21.81,22.11,20.27,21.31,22.11,23.15,220.23,166.628,17.281,220.23,2.363,201.606,21.97,21.72,21.61,21.97,20.96,22.27,164.929,284.9,33.1,NA,208.9,NA,284.9,22.2485,21.693,NA,21.8485,NA,22.2485,0.01,After nadir,88.4410462560068,220.23,21.97,1465.4,GV contact,131.143,22.21,1358.7,201.606,22.27,1337,138.457,22.58,1338.9,0,0,0,1,3,NA,NA,NA,NA,NA,NA,NA,NA,NA,NA,NA,NA
B75-0807112215_imp,100_imp,B75,07/08,11:22:15,00:59:00,34.53,34.59,389,1153.9,764.9,2.5706940874036,0.944175935363691,400 (50%),Low,NA,NA,NA,Contact,NA,NA,NA,No CH contact,Blade contact,2,NA,NA,NA,NA,NA,NA,NA,NA,33.15,36.03,34.49,34.69,34.19,34.49,34.69,34.99,33.15,34.19,34.99,36.03,249.929,226.079,78.044,249.929,6.821,179.524,34.78,34.61,34.46,34.78,34.19,35.86,225.653,582,425,12.1,565.6,NA,582,35.9645,34.5345,34.444,34.7685,NA,35.9645,0.02,After nadir,127.166962075548,249.929,34.78,1349,GV contact,122.945,35.09,1332.1,98.998,35.34,1312.8,146.867,35.42,1284.4,0,0,0,1,4,179.524,35.86,1225.8,NA,NA,NA,NA,NA,NA,NA,NA,NA
B75-0807114133_imp,100_imp,B75,07/08,11:41:33,00:59:00,22.61,22.64,887.4,1064.1,176.7,1.12688753662384,0.119459440037328,400 (50%),High,NA,NA,NA,No contact,NA,NA,NA,No CH contact,No blade contact,0,NA,NA,NA,NA,NA,NA,NA,NA,21.2,24.08,22.54,22.74,22.24,22.54,22.74,23.04,21.2,22.24,23.04,24.08,210.78,162.481,9.079,210.78,0.434,87.094,22.89,22.63,22.49,22.89,21.22,23.15,151.171,406.2,27.2,NA,406.2,NA,402,22.8395,22.613,NA,22.8395,NA,23.833,-0.01,Before nadir,85.1775305157522,162.481,22.63,892,GV contact,210.78,22.89,1407.4,113.842,23.03,1351.2,NA,NA,NA,0,0,1,2,0,NA,NA,NA,NA,NA,NA,NA,NA,NA,NA,NA,NA
B75-0807121859_imp,100_imp,B75,07/08,12:18:59,00:59:00,27.62,27.65,820.3,1116.8,296.5,1.2190661952944,0.198085151973433,400 (50%),Low,NA,NA,NA,Contact,NA,NA,NA,No CH contact,Blade contact,1,NA,NA,NA,NA,NA,NA,NA,NA,26.21,29.09,27.55,27.75,27.25,27.55,27.75,28.05,26.21,27.25,28.05,29.09,241.767,240.907,26.759,241.767,8.632,239.844,27.76,27.66,27.55,27.76,27.25,28.06,172.684,565.9,565.9,6.2,427.5,NA,515.4,27.6485,27.6485,27.549,27.8935,NA,28.5625,0.01,After nadir,123.068063274333,241.767,27.76,1428.9,GV contact,109.966,28.39,1400.4,NA,NA,NA,NA,NA,NA,0,0,0,1,1,NA,NA,NA,NA,NA,NA,NA,NA,NA,NA,NA,NA
B75-0807130415_imp,100_imp,B75,07/08,13:04:15,00:59:00,30.41,31.04,941.5,1059.2,117.7,1.06213489113117,0.0602809308849299,400 (50%),High,NA,NA,NA,No contact,NA,NA,NA,No CH contact,No blade contact,0,NA,NA,NA,NA,NA,NA,NA,NA,29.6,32.48,30.94,31.14,30.64,30.94,31.14,31.44,29.6,30.64,31.44,32.48,204.789,146.186,19.436,204.789,24.17,160.693,31.25,31.05,30.92,31.25,30.33,32.02,132.783,398,22.4,NA,357.3,NA,398,31.931,31.0275,NA,31.4345,NA,31.931,0.01,After nadir,89.7742381543306,204.789,31.25,1296.1,GV contact,132.506,31.39,1362.5,160.693,32.02,1411.2,NA,NA,NA,0,0,0,2,1,NA,NA,NA,NA,NA,NA,NA,NA,NA,NA,NA,NA
B75-0807132530_imp,100_imp,B75,07/08,13:25:30,00:59:00,27.64,27.66,775.8,1257.3,481.5,1.28899200824955,0.25386052397627,400 (50%),Low,NA,NA,NA,Contact,NA,NA,NA,No CH contact,Blade contact,2,NA,NA,NA,NA,NA,NA,NA,NA,26.22,29.1,27.56,27.76,27.26,27.56,27.76,28.06,26.22,27.26,28.06,29.1,221.442,177.457,32.373,191.081,5.591,221.442,28.08,27.68,27.56,27.89,26.93,28.08,130.763,564.2,563.6,8.6,283.3,NA,564.2,28.5515,27.6235,27.549,27.832,NA,28.5515,0.02,After nadir,104.677462708755,177.457,27.68,989.4,GV contact,191.081,27.89,1430.9,170.543,27.96,1315.7,221.442,28.08,1351.6,0,0,1,2,4,137.727,28.25,1381.1,126.335,28.35,1325.3,145.411,28.56,1398.5,NA,NA,NA
B75-0807134036_imp,100_imp,B75,07/08,13:40:36,00:59:00,39.72,40.66,933.3,1046.7,113.4,1.07146683810136,0.069028586410436,400 (50%),High,NA,NA,NA,No contact,NA,NA,NA,No CH contact,No blade contact,0,NA,NA,NA,NA,NA,NA,NA,NA,39.22,42.1,40.56,40.76,40.26,40.56,40.76,41.06,39.22,40.26,41.06,42.1,223.774,176.311,8.362,223.774,1.652,111.289,40.82,40.66,40.48,40.82,39.97,41.19,176.311,301.1,26.6,NA,33.5,NA,301.1,41.687,40.6365,NA,40.825,NA,41.687,0,On nadir,93.6746959734286,213.688,40.87,1258,GV contact,118.606,40.93,1286,111.289,41.19,1320.4,110.8,41.39,1370.5,0,0,0,2,4,98.867,41.68,1411.7,109.966,41.91,1401.6,NA,NA,NA,NA,NA,NA
B75-0807141049_imp,100_imp,B75,07/08,14:10:49,00:59:00,38.32,39.08,909.3,1035.2,125.9,1.09974705817662,0.0950802062502698,400 (50%),Low,NA,NA,NA,No contact,NA,NA,NA,No CH contact,No blade contact,0,NA,NA,NA,NA,NA,NA,NA,NA,37.64,40.52,38.98,39.18,38.68,38.98,39.18,39.48,37.64,38.68,39.48,40.52,209.094,192.024,7.905,209.094,2.645,206.077,39.23,39.07,38.98,39.23,38.49,40.17,175.578,558.4,427.2,4.5,558.4,NA,419.6,39.269,39.0995,38.98,39.269,NA,39.5345,-0.01,Before nadir,115.420622687711,209.094,39.23,1375.6,GV contact,120.117,39.55,1366.6,134.397,40.08,1348.9,206.077,40.17,1321.1,0,0,0,1,4,177.017,40.36,1284.4,NA,NA,NA,NA,NA,NA,NA,NA,NA
B75-0807142717_imp,100_imp,B75,07/08,14:27:17,00:59:00,29.83,29.85,873.6,1153.4,279.8,1.14468864468864,0.135132673991496,400 (50%),High,NA,NA,NA,No contact,NA,NA,NA,No CH contact,No blade contact,0,NA,NA,NA,NA,NA,NA,NA,NA,28.41,31.29,29.75,29.95,29.45,29.75,29.95,30.25,28.41,29.45,30.25,31.29,219.737,219.737,68.885,209.887,70.533,195.538,29.87,29.87,29.74,30.14,29.41,31.13,145.034,522.5,522.5,11.5,491.2,190.3,470.4,29.856,29.856,29.7145,30.16,28.638,30.5555,0.02,After nadir,116.813870480839,219.737,29.87,1102.2,No GV contact,183.272,30.38,1363.6,133.1,31.03,1311.3,195.538,31.13,1453.2,0,0,1,0,3,NA,NA,NA,NA,NA,NA,NA,NA,NA,NA,NA,NA
B75-0807165147_imp,100_imp,B75,07/08,16:51:47,00:59:00,25.02,25.05,760.6,1066.8,306.2,1.31475151196424,0.273647683487978,400 (50%),Low,NA,NA,NA,Contact,NA,NA,NA,No CH contact,Blade contact,1,NA,NA,NA,NA,NA,NA,NA,NA,23.61,26.49,24.95,25.15,24.65,24.95,25.15,25.45,23.61,24.65,25.45,26.49,216.145,216.145,24.487,209.794,8.38,192.477,25.04,25.04,24.95,25.44,24.57,25.69,205.639,509,509,5.3,491.5,NA,408.2,25.0345,25.0345,24.9475,25.349,NA,25.6745,-0.01,Before nadir,107.603315252963,216.145,25.04,814.7,No GV contact,192.477,25.69,1300.8,140.114,25.96,1299.6,NA,NA,NA,0,0,1,0,2,NA,NA,NA,NA,NA,NA,NA,NA,NA,NA,NA,NA
B75-0807171659_imp,100_imp,B75,07/08,17:16:59,00:59:00,38.33,38.36,830.5,1069.9,239.4,1.20409391932571,0.185727349928788,400 (50%),Low,NA,NA,NA,Contact,NA,NA,NA,No CH contact,Blade contact,1,NA,NA,NA,NA,NA,NA,NA,NA,36.92,39.8,38.26,38.46,37.96,38.26,38.46,38.76,36.92,37.96,38.76,39.8,224.648,177.358,17.062,224.648,22.386,115.408,38.65,38.34,38.26,38.65,37.17,39.14,118.521,646.1,595.9,6.9,179.5,52.8,646.1,39.589,38.326,38.2575,38.618,37.169,39.589,-0.02,Before nadir,97.1552679301098,177.358,38.34,1067.4,GV contact,213.015,38.48,1294.9,115.408,39.14,1350.1,NA,NA,NA,0,0,1,1,1,NA,NA,NA,NA,NA,NA,NA,NA,NA,NA,NA,NA
B75-0807172934_imp,100_imp,B75,07/08,17:29:34,00:59:00,33.11,33.15,675.5,1179.9,504.4,1.48038490007402,0.392302121581883,400 (50%),Low,NA,NA,NA,Contact,NA,NA,NA,No CH contact,Blade contact,2,NA,NA,NA,NA,NA,NA,NA,NA,31.71,34.59,33.05,33.25,32.75,33.05,33.25,33.55,31.71,32.75,33.55,34.59,198.354,198.354,162.231,194.712,54.617,151.524,33.16,33.16,33.04,33.32,32.7,33.92,182.777,565.9,441.6,563.1,381.6,565.9,130.3,32.6435,33.1085,33.02,33.2775,32.6435,33.8565,0.01,After nadir,129.603346265589,198.354,33.16,899.4,GV contact,98.119,33.4,1271.3,105.971,33.82,1383,151.524,33.92,1352.9,0,0,1,1,2,NA,NA,NA,NA,NA,NA,NA,NA,NA,NA,NA,NA
B75-0807174406_imp,100_imp,B75,07/08,17:44:06,01:00:00,26.63,26.94,965.7,1062.3,96.5999999999999,1.03551827689759,0.0349020520092649,400 (50%),High,NA,NA,NA,Contact,NA,NA,NA,No CH contact,Blade contact,1,NA,NA,NA,NA,NA,NA,NA,NA,25.5,28.38,26.84,27.04,26.54,26.84,27.04,27.34,25.5,26.54,27.34,28.38,196.352,114.047,112.048,196.352,18.324,145.398,27.3,27.04,26.72,27.3,25.57,27.35,84.832,402.4,14.5,16.4,339.5,5.7,402.4,27.4285,27.031,26.6895,27.2495,25.541,27.4285,0.1,After nadir,65.3947378573274,112.048,26.72,1046.5,GV contact,178.456,27.15,1334,196.352,27.3,1216.5,114.949,27.61,1473.8,0,1,0,2,1,NA,NA,NA,NA,NA,NA,NA,NA,NA,NA,NA,NA
B75-0807175542_imp,100_imp,B75,07/08,17:55:42,00:59:00,25.9,25.95,720.1,1107.5,387.4,1.38869601444244,0.328365187727316,400 (50%),High,NA,NA,NA,Contact,NA,NA,NA,CH contact,No blade contact,1,NA,NA,NA,NA,NA,NA,NA,NA,24.51,27.39,25.85,26.05,25.55,25.85,26.05,26.35,24.51,25.55,26.35,27.39,255.531,255.531,55.158,178.588,16.356,160.171,25.94,25.94,25.85,26.15,25.54,26.6,207.762,468.1,463.2,8.7,382,NA,468.1,26.6835,25.9085,25.827,26.2325,NA,26.6835,-0.01,Before nadir,133.54749817913,255.531,25.94,833.3,GV contact,153.562,26.25,1302.4,106.236,26.3,1287.1,160.171,26.6,1353.9,0,0,1,2,1,NA,NA,NA,NA,NA,NA,NA,NA,NA,NA,NA,NA
B75-0807180858_imp,100_imp,B75,07/08,18:08:58,01:00:00,26.31,26.92,930.6,1036.6,106,1.07457554266065,0.0719257395715888,400 (50%),High,NA,NA,NA,No contact,NA,NA,NA,No CH contact,No blade contact,0,NA,NA,NA,NA,NA,NA,NA,NA,25.48,28.36,26.82,27.02,26.52,26.82,27.02,27.32,25.48,26.52,27.32,28.36,189.055,131.722,11.249,184.681,1.343,189.055,27.76,27.02,26.65,27.26,26.35,27.76,70.86,609.5,17.2,NA,609.5,NA,213.1,27.1695,27.004,NA,27.1695,NA,27.775,0.1,After nadir,74.4252871875707,153.903,27.13,1360.4,GV contact,184.681,27.26,1189.1,110.777,27.48,1386.4,189.055,27.76,1281,0,0,0,2,3,110.644,27.99,1403.3,NA,NA,NA,NA,NA,NA,NA,NA,NA
B75-0808103552_imp,100_imp,B75,08/08,10:35:52,01:00:00,39.57,39.6,881.1,1241.5,360.4,1.13494495516967,0.126584152109453,400 (50%),Low,NA,NA,NA,Contact,NA,NA,NA,No CH contact,Blade contact,1,NA,NA,NA,NA,NA,NA,NA,NA,38.16,41.04,39.5,39.7,39.2,39.5,39.7,40,38.16,39.2,40,41.04,208.867,208.867,49.048,174.861,23.361,206.727,39.59,39.59,39.5,39.84,38.42,40.59,178.418,472.6,439.2,8.2,364.3,22.8,472.6,40.664,39.5625,39.4955,39.7705,38.334,40.664,-0.01,Before nadir,122.37266663839,208.867,39.59,895.7,No GV contact,139.31,40.28,1327.2,206.727,40.59,1328.4,NA,NA,NA,0,0,1,0,2,NA,NA,NA,NA,NA,NA,NA,NA,NA,NA,NA,NA
B75-0808105253_imp,100_imp,B75,08/08,10:52:53,01:00:00,51.62,52.09,813.6,1043.5,229.9,1.2291052114061,0.206286434247787,400 (50%),Low,NA,NA,NA,No contact,NA,NA,NA,No CH contact,No blade contact,0,NA,NA,NA,NA,NA,NA,NA,NA,50.65,53.53,51.99,52.19,51.69,51.99,52.19,52.49,50.65,51.69,52.49,53.53,230.772,172.985,14.452,230.772,9.349,84.23,52.28,52.1,51.85,52.28,50.99,52.53,162.871,356.5,31.3,NA,356.5,5.6,312.7,52.358,52.07,NA,52.358,50.7045,52.4945,0.01,After nadir,110.873664379994,230.772,52.28,1297.2,GV contact,NA,NA,NA,NA,NA,NA,NA,NA,NA,0,0,0,1,0,NA,NA,NA,NA,NA,NA,NA,NA,NA,NA,NA,NA
B76-0807112536_imp,100_imp,B76,07/08,11:25:36,00:59:00,23.88,24.7,932.3,1044.2,111.9,1.07261611069398,0.0701006276794891,400 (50%),Low,NA,NA,NA,Contact,NA,NA,NA,No CH contact,Blade contact,1,NA,NA,NA,NA,NA,NA,NA,NA,23.26,26.14,24.6,24.8,24.3,24.6,24.8,25.1,23.26,24.3,25.1,26.14,227.538,227.538,20.184,189.118,3.449,194.633,24.71,24.71,24.6,24.92,24.22,26.06,204.034,267.8,213.4,2.2,31.3,NA,267.8,25.9075,24.71,24.5995,25.0145,NA,25.9075,0.01,After nadir,115.506463867159,227.538,24.71,978,No GV contact,161.469,25.15,1228.1,194.633,26.06,1320.9,NA,NA,NA,0,0,1,0,2,NA,NA,NA,NA,NA,NA,NA,NA,NA,NA,NA,NA
B77-0807092616_imp,100_imp,B77,07/08,09:26:16,00:59:00,24.73,24.75,818,1143.6,325.6,1.22249388753056,0.20089294237939,400 (50%),Low,NA,NA,NA,Contact,NA,NA,NA,No CH contact,Blade contact,1,NA,NA,NA,NA,NA,NA,NA,NA,23.31,26.19,24.65,24.85,24.35,24.65,24.85,25.15,23.31,24.35,25.15,26.19,254.46,207.912,41.541,254.46,12.677,240.585,24.92,24.76,24.46,24.92,24.25,25.27,170.238,590,56.4,NA,154.5,NA,590,25.47,24.7265,NA,25.0015,NA,25.47,0.01,After nadir,103.19863989783,254.46,24.92,1444.4,GV contact,240.585,25.27,1135.7,167.773,25.45,1370.9,111.817,25.52,1408.8,0,0,0,1,5,190.002,26.01,1222.9,123.384,26.16,1285.3,NA,NA,NA,NA,NA,NA
B77-0807093944_imp,100_imp,B77,07/08,09:39:44,01:00:00,21.06,21.09,714.9,1221.6,506.7,1.39879703455029,0.335612606209331,400 (50%),High,NA,NA,NA,Contact,NA,NA,NA,No CH contact,Blade contact,3,NA,NA,NA,NA,NA,NA,NA,NA,19.65,22.53,20.99,21.19,20.69,20.99,21.19,21.49,19.65,20.69,21.49,22.53,238.536,238.536,112.329,238.536,80.715,166.109,21.19,21.19,20.99,21.19,20.62,21.87,113.908,616,616,14.9,517.8,260.8,405.3,21.137,21.137,20.9715,21.195,20.2395,22.4035,0.1,After nadir,134.311325739155,238.536,21.19,870.5,GV contact,166.109,21.87,1253.7,NA,NA,NA,NA,NA,NA,0,0,0,1,1,NA,NA,NA,NA,NA,NA,NA,NA,NA,NA,NA,NA
B77-0807102008_imp,100_imp,B77,07/08,10:20:08,00:59:00,35.49,35.53,840.3,1148.7,308.4,1.1900511722004,0.173996308047964,400 (50%),Low,NA,NA,NA,Contact,NA,NA,NA,No CH contact,Blade contact,1,NA,NA,NA,NA,NA,NA,NA,NA,34.09,36.97,35.43,35.63,35.13,35.43,35.63,35.93,34.09,35.13,35.93,36.97,225.99,213.476,47.658,225.99,15.058,115.735,35.9,35.52,35.43,35.9,34.92,36.29,166.509,613.5,424.6,7.3,613.5,NA,475.3,35.728,35.49,35.4115,35.728,NA,36.4135,-0.01,Before nadir,114.326550530237,225.99,35.9,1310.5,GV contact,115.735,36.29,1360.5,107.962,36.49,1328.6,110.522,36.79,1389.4,0,0,0,1,3,NA,NA,NA,NA,NA,NA,NA,NA,NA,NA,NA,NA
B78-0807092337_imp,100_imp,B78,07/08,09:23:37,00:59:00,28.83,28.87,742.3,1200.8,458.5,1.34716421931834,0.298001804858636,400 (50%),Low,NA,NA,NA,Contact,NA,NA,NA,CH contact,Blade contact,2,NA,NA,NA,NA,NA,NA,NA,NA,27.43,30.31,28.77,28.97,28.47,28.77,28.97,29.27,27.43,28.47,29.27,30.31,261.952,218.538,54.976,261.952,38.174,209.339,29.23,28.95,28.77,29.23,28,29.32,199.833,575.8,575.8,8.8,207.2,397,428.4,28.8325,28.8325,28.7505,29.076,27.6415,29.4725,0.08,After nadir,136.518118184085,261.952,29.23,1268.7,GV contact,123.804,29.53,1417.4,102.233,29.65,1445.4,154.207,30.06,1350,0,0,0,1,5,143.762,30.11,1333.7,182.706,30.28,1350.5,NA,NA,NA,NA,NA,NA
B78-0807094604_imp,100_imp,B78,07/08,09:46:04,00:59:00,26.82,26.84,790.3,1107.8,317.5,1.26534227508541,0.235342658771207,400 (50%),High,NA,NA,NA,Contact,NA,NA,NA,No CH contact,Blade contact,1,NA,NA,NA,NA,NA,NA,NA,NA,25.4,28.28,26.74,26.94,26.44,26.74,26.94,27.24,25.4,26.44,27.24,28.28,249.979,206.426,23.667,249.979,43.492,231.116,27.01,26.84,26.74,27.01,26.38,27.95,206.426,692,87.4,NA,692,NA,477.2,27.204,26.8195,NA,27.204,NA,27.869,0,On nadir,101.93134650201701,206.426,26.84,790.3,GV contact,249.979,27.01,1423.1,128.186,27.15,1315.9,106.032,27.38,1330.4,0,0,1,2,4,231.116,27.95,1360.9,108.156,28.13,1312.3,151.151,28.26,1299.4,NA,NA,NA
B78-0807101208_imp,100_imp,B78,07/08,10:12:08,00:59:00,26.6,26.64,654.6,1265.3,610.7,1.52765047357165,0.423730916915057,400 (50%),Low,NA,NA,NA,Contact,NA,NA,NA,No CH contact,Blade contact,1,NA,NA,NA,NA,NA,NA,NA,NA,25.2,28.08,26.54,26.74,26.24,26.54,26.74,27.04,25.2,26.24,27.04,28.08,227.574,227.574,105.656,188.372,57.724,60.621,26.61,26.61,26.51,26.75,26.17,27.18,144.212,574.7,574.7,14.8,232.8,NA,515.3,26.61,26.61,26.4885,26.7445,NA,27.7225,-0.03,Before nadir,115.634413422319,105.656,26.51,1057.2,GV contact,227.574,26.61,1255,148.377,26.9,1386.6,NA,NA,NA,0,1,1,1,0,NA,NA,NA,NA,NA,NA,NA,NA,NA,NA,NA,NA
B78-0807110857_imp,100_imp,B78,07/08,11:08:57,01:00:00,27.28,27.31,764.4,1189.5,425.1,1.30821559392988,0.268664066616019,400 (50%),High,NA,NA,NA,Contact,NA,NA,NA,No CH contact,Blade contact,1,NA,NA,NA,NA,NA,NA,NA,NA,25.87,28.75,27.21,27.41,26.91,27.21,27.41,27.71,25.87,26.91,27.71,28.75,220.119,220.119,73.314,210.899,158.558,120.87,27.31,27.31,27.21,27.55,26.57,28.23,220.119,317.6,265,11.5,317.6,32.9,154.8,27.566,27.282,27.206,27.566,26.263,27.829,0,On nadir,128.619292639353,158.558,26.57,957.2,No GV contact,220.119,27.31,764.4,104.224,28.01,1352.6,120.87,28.23,1376.4,1,0,1,0,2,NA,NA,NA,NA,NA,NA,NA,NA,NA,NA,NA,NA
B78-0807112331_imp,100_imp,B78,07/08,11:23:31,00:59:00,31.55,31.58,780.7,1349.4,568.7,1.2809017548354,0.247564325855892,400 (50%),Low,NA,NA,NA,Contact,NA,NA,NA,No CH contact,Blade contact,3,NA,NA,NA,NA,NA,NA,NA,NA,30.14,33.02,31.48,31.68,31.18,31.48,31.68,31.98,30.14,31.18,31.98,33.02,247.292,241.435,156.78,247.292,129.27,233.83,31.69,31.56,31.45,31.69,30.95,32.03,186.085,615,615,55.1,146.9,173.8,457,31.554,31.554,31.4265,31.7965,30.1755,32.694,-0.02,Before nadir,154.626076786026,129.27,30.95,1033.9,GV contact,100.652,31.33,1030.3,156.78,31.45,887.1,247.292,31.69,1373.1,1,2,0,1,4,233.83,32.03,1113.9,98.381,32.32,1350.1,177.679,32.69,1387.5,139.847,32.84,1403.7
B61-0102000014_imp,100_imp,B61,02/01,00:00:14,00:59:00,11.98,12,954.1,1163.3,209.2,1.0481081647626,0.0469867912243367,400 (70%),High,4,2,5,Contact,NA,NA,NA,No CH contact,Blade contact,1,Near hub,3,10,Direct,NA,NA,NA,NA,10.56,13.44,11.9,12.1,11.6,11.9,12.1,12.4,10.56,11.6,12.4,13.44,207.161,207.161,8.944,182.221,0.95,98.761,12.01,12.01,11.85,12.23,11.1,12.7,167.62,473.1,473.1,NA,254.1,NA,401.3,11.9865,11.9865,NA,12.1355,NA,12.929,0.01,After nadir,114.0519857542,207.161,12.01,954.3,GV contact,182.221,12.23,1309.5,98.761,12.7,1401.9,NA,NA,NA,0,0,1,1,1,NA,NA,NA,NA,NA,NA,NA,NA,NA,NA,NA,NA
B61-0102002256_imp,100_imp,B61,02/01,00:22:56,00:59:00,27.64,27.68,1024.3,1095.9,71.6000000000001,0.976276481499561,-0.0240094524603518,400 (70%),Low,5,5,1,No contact,Hub rotation,Pressure force,Center hub,No CH contact,No blade contact,0,NA,NA,NA,NA,NA,NA,NA,NA,26.24,29.12,27.58,27.78,27.28,27.58,27.78,28.08,26.24,27.28,28.08,29.12,187.865,108.384,12.794,187.865,2.584,140.516,27.9,27.78,27.58,27.9,27.28,28.31,100.149,475.4,16.3,NA,38.2,NA,475.4,28.265,27.7725,NA,27.882,NA,28.265,0.1,After nadir,70.2743565652982,187.865,27.9,1157.2,GV contact,140.516,28.31,1410.3,NA,NA,NA,NA,NA,NA,0,0,0,1,1,NA,NA,NA,NA,NA,NA,NA,NA,NA,NA,NA,NA
B61-0102003600_imp,100_imp,B61,02/01,00:36:00,00:59:00,30.43,30.45,950.3,1114.7,164.4,1.0522992739135,0.0509775547648676,400 (70%),High,3,3,1,No contact,Hub rotation,No pressure force,Center hub,No CH contact,No blade contact,0,NA,NA,NA,NA,NA,NA,NA,NA,29.01,31.89,30.35,30.55,30.05,30.35,30.55,30.85,29.01,30.05,30.85,31.89,131.789,131.789,4.881,45.693,1.391,87.508,30.45,30.45,30.31,30.55,29.65,31.2,131.789,376.3,17.8,NA,152.2,NA,376.3,31.116,30.43,NA,30.7355,NA,31.116,0,On nadir,68.563561770222,131.789,30.45,950.3,No GV contact,NA,NA,NA,NA,NA,NA,NA,NA,NA,0,0,1,0,0,NA,NA,NA,NA,NA,NA,NA,NA,NA,NA,NA,NA
B61-0102005624_imp,100_imp,B61,02/01,00:56:24,00:59:00,26.23,26.26,1001.7,1138.5,136.8,0.998302885095338,-0.00169855663558147,400 (70%),Low,3,3,5,No contact,No hub rotation,Pressure force,Center hub,No CH contact,No blade contact,0,NA,NA,NA,NA,NA,NA,NA,NA,24.82,27.7,26.16,26.36,25.86,26.16,26.36,26.66,24.82,25.86,26.66,27.7,199.003,199.003,7.875,162.211,0.508,87.723,26.26,26.26,26.16,26.49,25.86,26.8,199.003,566.4,566.4,NA,19.4,NA,228.1,26.293,26.293,NA,26.474,NA,27.319,0,On nadir,90.5754688580586,199.003,26.26,1001.7,GV contact,162.211,26.49,1338.8,NA,NA,NA,NA,NA,NA,0,0,1,1,0,NA,NA,NA,NA,NA,NA,NA,NA,NA,NA,NA,NA
B61-0102011935_imp,100_imp,B61,02/01,01:19:35,00:59:00,20.9,21.81,995.7,1118.8,123.1,1.00431856985036,0.0043092715880984,400 (70%),High,6,6,6,No contact,No hub rotation,Pressure force,Near hub,No CH contact,No blade contact,0,NA,NA,NA,NA,NA,NA,NA,NA,20.37,23.25,21.71,21.91,21.41,21.71,21.91,22.21,20.37,21.41,22.21,23.25,212.274,87.282,5.661,212.274,1.028,91.218,21.99,21.87,21.71,21.99,20.67,22.34,63.386,475.2,11.4,NA,475.2,NA,11.9,22.006,21.8515,NA,22.006,NA,22.3185,0.06,After nadir,42.7725985499395,212.274,21.99,1307.6,GV contact,NA,NA,NA,NA,NA,NA,NA,NA,NA,0,0,0,1,0,NA,NA,NA,NA,NA,NA,NA,NA,NA,NA,NA,NA
B61-0102024730_imp,100_imp,B61,02/01,02:47:30,00:59:00,30.6,30.62,950.9,1129.4,178.5,1.05163529288043,0.0503463744367385,400 (70%),High,4,3,1,No contact,Hub rotation,Pressure force,Center hub,No CH contact,No blade contact,0,NA,NA,NA,NA,NA,NA,NA,NA,29.18,32.06,30.52,30.72,30.22,30.52,30.72,31.02,29.18,30.22,31.02,32.06,147.365,147.365,4.868,61.811,0.852,59.06,30.62,30.62,30.48,30.79,30.22,31.04,147.365,558.4,23,NA,558.4,NA,27.8,30.965,30.5975,NA,30.965,NA,31.3725,0,On nadir,70.1843298780331,147.365,30.62,950.9,No GV contact,NA,NA,NA,NA,NA,NA,NA,NA,NA,0,0,1,0,0,NA,NA,NA,NA,NA,NA,NA,NA,NA,NA,NA,NA
B61-0102031847_imp,100_imp,B61,02/01,03:18:47,00:59:00,26.02,26.04,954.5,1143.5,189,1.0476689366160301,0.0465676358163348,400 (70%),Low,2,2,6,No contact,Hub rotation,Pressure force,Center,No CH contact,No blade contact,0,NA,NA,NA,NA,NA,NA,NA,NA,24.6,27.48,25.94,26.14,25.64,25.94,26.14,26.44,24.6,25.64,26.44,27.48,141.192,140.17,5.153,91.462,0.744,141.192,26.79,26.04,25.94,26.21,25.64,26.79,140.17,381.4,33.7,NA,53.6,NA,381.4,26.6445,26.0165,NA,26.3695,NA,26.6445,0,On nadir,60.9853032264254,140.17,26.04,954.5,No GV contact,132.546,26.49,1337.3,141.192,26.79,1349.3,NA,NA,NA,0,0,1,0,2,NA,NA,NA,NA,NA,NA,NA,NA,NA,NA,NA,NA
B61-0102033828_imp,100_imp,B61,02/01,03:38:28,00:59:00,20.53,20.59,912.1,1331,418.9,1.09637101195044,0.0920056457960242,400 (70%),High,5,3,1,Contact,NA,NA,NA,No CH contact,Blade contact,2,Center,3,11,Direct,Near hub,4,10,Indirect,19.15,22.03,20.49,20.69,20.19,20.49,20.69,20.99,19.15,20.19,20.99,22.03,236.12,236.12,37.39,157.465,1.141,129.597,20.6,20.6,20.46,20.82,20.17,21.08,196.543,436.6,436.6,5.7,246.3,NA,338.3,20.5255,20.5255,20.454,20.965,NA,21.048,0.01,After nadir,142.540771190294,236.12,20.6,1043.1,GV contact,157.465,20.82,1346.6,129.597,21.08,1398.1,NA,NA,NA,0,0,1,1,1,NA,NA,NA,NA,NA,NA,NA,NA,NA,NA,NA,NA
B61-0102041430_imp,100_imp,B61,02/01,04:14:30,00:59:00,33.7,33.74,948,1172.8,224.8,1.05485232067511,0.0534007767271152,400 (70%),Low,6,6,1,Contact,NA,NA,NA,No CH contact,Blade contact,1,Near hub,2,10,Indirect,NA,NA,NA,NA,32.3,35.18,33.64,33.84,33.34,33.64,33.84,34.14,32.3,33.34,34.14,35.18,227.617,227.617,13.171,83.832,2.166,142.578,33.73,33.73,33.62,33.86,33.24,34.35,184.018,416,416,5.9,284,NA,240.4,33.803,33.803,33.639,33.8635,NA,34.307,-0.01,Before nadir,123.436092153756,227.617,33.73,955.9,No GV contact,142.578,34.35,1458.2,NA,NA,NA,NA,NA,NA,0,0,1,0,1,NA,NA,NA,NA,NA,NA,NA,NA,NA,NA,NA,NA
B61-0102042637_imp,100_imp,B61,02/01,04:26:37,00:59:00,21.62,21.66,1045.5,1108.3,62.8,0.956480153036824,-0.0444952398865513,400 (70%),High,6,5,3,No contact,Hub rotation,Pressure force,Center,No CH contact,No blade contact,0,NA,NA,NA,NA,NA,NA,NA,NA,20.22,23.1,21.56,21.76,21.26,21.56,21.76,22.06,20.22,21.26,22.06,23.1,170.518,154.791,13.712,170.518,1.412,106.181,21.78,21.74,21.54,21.78,21.26,22.32,122.149,406.6,27.2,2.7,133.2,NA,406.6,22.2725,21.76,21.5585,21.889,NA,22.2725,0.08,After nadir,99.4225421378012,170.518,21.78,1257.4,GV contact,106.181,22.32,1419.4,NA,NA,NA,NA,NA,NA,0,0,0,1,1,NA,NA,NA,NA,NA,NA,NA,NA,NA,NA,NA,NA
B61-0717130215_imp,100_imp,B61,17/07,13:02:15,01:00:00,30.64,30.66,984.5,1106.7,122.2,1.01574403250381,0.0156213809029567,400 (70%),Low,3,2,6,No contact,Hub rotation,Pressure force,Near hub,No CH contact,No blade contact,0,NA,NA,NA,NA,NA,NA,NA,NA,29.22,32.1,30.56,30.76,30.26,30.56,30.76,31.06,29.22,30.26,31.06,32.1,125.192,114.977,3.112,125.192,0.613,52.315,30.81,30.67,30.52,30.81,30.22,31.06,80.277,84.7,16.6,NA,84.7,NA,75.1,31.0125,30.641,NA,31.0125,NA,31.3835,0.01,After nadir,58.1487360416208,125.192,30.81,1402,GV contact,122.674,30.87,1378.2,NA,NA,NA,NA,NA,NA,0,0,0,2,0,NA,NA,NA,NA,NA,NA,NA,NA,NA,NA,NA,NA
B61-0717133143_imp,100_imp,B61,17/07,13:31:43,00:59:00,21.62,21.63,990.7,1128.3,137.6,1.00938730190774,0.00934351500315244,400 (70%),High,7,7,6,Contact,NA,NA,NA,No CH contact,Blade contact,1,Absolute tip,1,14,Direct,NA,NA,NA,NA,20.19,23.07,21.53,21.73,21.23,21.53,21.73,22.03,20.19,21.23,22.03,23.07,116.533,101.754,5.202,81.897,1.824,116.533,22.31,21.62,21.53,21.89,20.88,22.31,97.367,542.4,542.4,NA,10.8,NA,89.7,21.6065,21.6065,NA,21.8545,NA,22.2535,-0.01,Before nadir,58.5057068246134,101.754,21.62,1128.3,No GV contact,116.533,22.31,1329.3,104.999,22.6,1353.8,NA,NA,NA,0,0,1,0,2,NA,NA,NA,NA,NA,NA,NA,NA,NA,NA,NA,NA
B63-0717130205_imp,100_imp,B63,17/07,13:02:05,00:59:00,26.1,26.12,912.3,1124,211.7,1.09613065877453,0.0917863956307084,400 (70%),Low,2,2,6,No contact,Hub rotation,Pressure force,Center,No CH contact,No blade contact,0,NA,NA,NA,NA,NA,NA,NA,NA,24.68,27.56,26.02,26.22,25.72,26.02,26.22,26.52,24.68,25.72,26.52,27.56,167.56,167.56,2.917,133.599,0.096,39.935,26.12,26.12,25.98,26.29,24.73,26.56,167.56,133.9,22.6,NA,133.9,NA,32.4,26.4075,26.1005,NA,26.4075,NA,26.6545,0,On nadir,84.9787679779345,167.56,26.12,912.3,GV contact,133.599,26.29,1427.2,NA,NA,NA,NA,NA,NA,0,0,1,1,0,NA,NA,NA,NA,NA,NA,NA,NA,NA,NA,NA,NA
B63-0717133134_imp,100_imp,B63,17/07,13:31:34,00:59:00,25.46,25.49,1028.9,1101.5,72.5999999999999,0.971911750413062,-0.0284902703996276,400 (70%),High,6,6,1,No contact,Hub rotation,Pressure force,Near tip,No CH contact,No blade contact,0,NA,NA,NA,NA,NA,NA,NA,NA,24.05,26.93,25.39,25.59,25.09,25.39,25.59,25.89,24.05,25.09,25.89,26.93,113.968,113.968,1.978,105.369,0.438,75.593,25.55,25.55,25.37,25.65,24.86,26.11,46.487,407.9,14.1,NA,407.9,NA,46.8,25.7315,25.5325,NA,25.7315,NA,25.931,0.06,After nadir,44.9782240301322,113.968,25.55,1274.4,GV contact,101.855,25.83,1317.9,NA,NA,NA,NA,NA,NA,0,0,1,1,0,NA,NA,NA,NA,NA,NA,NA,NA,NA,NA,NA,NA
B64-0717145537_imp,100_imp,B64,17/07,14:55:37,00:59:00,23.29,23.31,1001.7,1142.9,141.2,0.998302885095338,-0.00169855663558147,400 (70%),Low,7,7,7,No contact,No hub rotation,No pressure force,Absolute tip,No CH contact,No blade contact,0,NA,NA,NA,NA,NA,NA,NA,NA,21.87,24.75,23.21,23.41,22.91,23.21,23.41,23.71,21.87,22.91,23.71,24.75,178.818,169.917,6.881,178.818,1.664,92.809,23.48,23.31,23.21,23.48,22.91,23.73,169.917,249.6,120.6,NA,249.6,NA,199.4,23.564,23.3205,NA,23.564,NA,24.494,0,On nadir,61.1078104309643,169.917,23.31,1001.7,GV contact,178.818,23.48,1317,160.397,23.59,1341,NA,NA,NA,0,0,1,2,0,NA,NA,NA,NA,NA,NA,NA,NA,NA,NA,NA,NA
B64-0717152526_imp,100_imp,B64,17/07,15:25:26,00:59:00,22.98,23.59,1021.3,1132.9,111.6,0.979144227944776,-0.0210763256019162,400 (70%),High,7,6,2,No contact,Hub rotation,Pressure force,Center,No CH contact,No blade contact,0,NA,NA,NA,NA,NA,NA,NA,NA,22.15,25.03,23.49,23.69,23.19,23.49,23.69,23.99,22.15,23.19,23.99,25.03,248.398,123.208,2.194,248.398,1.748,159.196,23.95,23.66,23.28,23.95,23.18,24.1,45.246,468.2,16.7,NA,111.1,4,468.2,24.5755,23.6395,NA,23.757,22.3665,24.5755,0.07,After nadir,40.5458516820038,123.208,23.66,1370.8,GV contact,248.398,23.95,1279.9,NA,NA,NA,NA,NA,NA,0,0,1,1,0,NA,NA,NA,NA,NA,NA,NA,NA,NA,NA,NA,NA
B67-0717145407_imp,100_imp,B67,17/07,14:54:07,01:00:00,23.97,24.93,1034.6,1095.7,61.1000000000001,0.966557123526,-0.0340148785872776,400 (70%),Low,5,4,2,Contact,NA,NA,NA,No CH contact,Blade contact,1,Near hub,6,10,Direct,NA,NA,NA,NA,23.49,26.37,24.83,25.03,24.53,24.83,25.03,25.33,23.49,24.53,25.33,26.37,185.6,153.311,2.484,185.6,0.799,51.043,25.06,25.01,24.78,25.06,24.53,25.77,51.681,231.8,231.8,NA,23.1,NA,125.9,24.9945,24.9945,NA,25.056,NA,25.837,0.08,After nadir,58.697560126952,185.6,25.06,1332.8,GV contact,NA,NA,NA,NA,NA,NA,NA,NA,NA,0,0,0,1,0,NA,NA,NA,NA,NA,NA,NA,NA,NA,NA,NA,NA
B67-0717152051_imp,100_imp,B67,17/07,15:20:51,00:59:00,21.03,21.04,963.9,1162.3,198.4,1.03745201784417,0.0367677241922145,400 (70%),High,7,7,7,No contact,No hub rotation,Pressure force,Near tip,No CH contact,No blade contact,0,NA,NA,NA,NA,NA,NA,NA,NA,19.6,22.48,20.94,21.14,20.64,20.94,21.14,21.44,19.6,20.64,21.44,22.48,127.792,127.792,3.099,70.856,1.632,69.5,21.05,21.05,20.89,21.35,20.64,21.49,104.995,36.2,33.2,NA,9.7,NA,36.2,21.7615,21.024,NA,21.3255,NA,21.7615,0.01,After nadir,48.5226548099908,127.792,21.05,988.3,No GV contact,NA,NA,NA,NA,NA,NA,NA,NA,NA,0,0,1,0,0,NA,NA,NA,NA,NA,NA,NA,NA,NA,NA,NA,NA
B67-0806132225_imp,100_imp,B67,06/08,13:22:25,00:59:00,20.95,21.03,895.3,1221.9,326.6,1.11694404110354,0.110596421342027,400 (70%),High,7,7,1,Contact,NA,NA,NA,No CH contact,Blade contact,3,Absolute tip,4,14,Direct,Center,3,11,Direct,19.59,22.47,20.93,21.13,20.63,20.93,21.13,21.43,19.59,20.63,21.43,22.47,207.817,207.817,167.226,78.011,8.02,54.251,21.04,21.04,20.87,21.29,20.26,21.95,126.256,460.8,423,460.8,46.9,14,74.1,20.839,21.003,20.839,21.222,20.244,21.5215,0.01,After nadir,107.736201743182,167.226,20.87,979.6,No GV contact,207.817,21.04,1012.3,NA,NA,NA,NA,NA,NA,0,1,1,0,0,NA,NA,NA,NA,NA,NA,NA,NA,NA,NA,NA,NA
B67-0806134156_imp,100_imp,B67,06/08,13:41:56,01:00:00,29.03,29.05,991.5,1084.4,92.9000000000001,1.00857286938981,0.00853633102228647,400 (70%),Low,2,2,1,No contact,No hub rotation,Pressure force,Center,No CH contact,No blade contact,0,NA,NA,NA,NA,NA,NA,NA,NA,27.61,30.49,28.95,29.15,28.65,28.95,29.15,29.45,27.61,28.65,29.45,30.49,96.065,78.336,9.736,64.514,0.494,96.065,29.82,29.11,28.78,29.43,28.65,29.82,65.48,67.5,11.2,NA,9.4,NA,67.5,29.9655,29.025,NA,29.255,NA,29.9655,0.06,After nadir,39.4554800515117,NA,NA,NA,No GV contact,NA,NA,NA,NA,NA,NA,NA,NA,NA,0,0,0,0,0,NA,NA,NA,NA,NA,NA,NA,NA,NA,NA,NA,NA
B67-0806140643_imp,100_imp,B67,06/08,14:06:43,00:59:00,22.35,22.37,963.9,1182.5,218.6,1.03745201784417,0.0367677241922145,400 (70%),High,3,3,1,Contact,NA,NA,NA,No CH contact,Blade contact,1,Center,4,11,Direct,NA,NA,NA,NA,20.93,23.81,22.27,22.47,21.97,22.27,22.47,22.77,20.93,21.97,22.77,23.81,189.096,189.096,6.085,152.749,0.834,54.958,22.37,22.37,22.23,22.57,21.97,22.77,189.096,462,204.8,NA,462,NA,7.7,22.4825,22.344,NA,22.4825,NA,22.906,0,On nadir,78.570403644181,189.096,22.37,963.9,GV contact,121.076,22.51,1491.1,152.749,22.57,1333.6,NA,NA,NA,0,0,1,2,0,NA,NA,NA,NA,NA,NA,NA,NA,NA,NA,NA,NA
B67-0806143112_imp,100_imp,B67,06/08,14:31:12,00:59:00,31.25,31.34,734.4,1223.9,489.5,1.36165577342048,0.308701439675856,400 (70%),Low,4,3,1,Contact,NA,NA,NA,No CH contact,Blade contact,2,Near tip,6,13,Direct,Center,6,11,Direct,29.9,32.78,31.24,31.44,30.94,31.24,31.44,31.74,29.9,30.94,31.74,32.78,198.852,198.852,133.059,132.344,13.269,41.267,31.34,31.34,31.18,31.66,30.94,31.76,198.852,560.3,560.3,399.3,414.3,NA,6.3,31.2415,31.2415,31.1545,31.467,NA,31.8815,0,On nadir,134.026482276913,133.059,31.18,946.6,GV contact,198.852,31.34,734.4,132.344,31.66,1317.4,NA,NA,NA,0,1,1,1,0,NA,NA,NA,NA,NA,NA,NA,NA,NA,NA,NA,NA
B67-0806145234_imp,100_imp,B67,06/08,14:52:34,00:59:00,25.11,25.13,984.5,1187.3,202.8,1.01574403250381,0.0156213809029567,400 (70%),High,4,4,6,Contact,NA,NA,NA,CH contact,No blade contact,1,Center hub,4,NA,Direct,NA,NA,NA,NA,23.69,26.57,25.03,25.23,24.73,25.03,25.23,25.53,23.69,24.73,25.53,26.57,256.893,256.893,18.731,116.581,0.501,152.457,25.16,25.16,25.03,25.23,24.73,25.54,171.997,435.7,401,NA,435.7,NA,170.5,25.24,25.12,NA,25.24,NA,25.556,0.03,After nadir,121.582903168207,256.893,25.16,1038.2,No GV contact,152.457,25.54,1338.5,NA,NA,NA,NA,NA,NA,0,0,1,0,1,NA,NA,NA,NA,NA,NA,NA,NA,NA,NA,NA,NA
B67-0806155637_imp,100_imp,B67,06/08,15:56:37,00:59:00,22.48,22.5,954.2,1155.1,200.9,1.04799832320268,0.0468819859001304,400 (70%),Low,6,6,5,No contact,No hub rotation,Pressure force,Center,No CH contact,No blade contact,0,NA,NA,NA,NA,NA,NA,NA,NA,21.06,23.94,22.4,22.6,22.1,22.4,22.6,22.9,21.06,22.1,22.9,23.94,193.426,193.426,12.022,139.485,0.971,83.282,22.5,22.5,22.4,22.61,22.1,23.05,193.426,366.8,366.8,NA,343.4,NA,81,22.4935,22.4935,NA,22.601,NA,23.231,0,On nadir,90.6849464412237,193.426,22.5,954.2,GV contact,109.202,22.75,1371.5,NA,NA,NA,NA,NA,NA,0,0,1,1,0,NA,NA,NA,NA,NA,NA,NA,NA,NA,NA,NA,NA
B67-0806161636_imp,100_imp,B67,06/08,16:16:36,00:59:00,23.23,23.25,797.5,1150,352.5,1.25391849529781,0.226273444323138,400 (70%),High,5,3,7,Contact,NA,NA,NA,No CH contact,Blade contact,1,Near hub,3,10,Direct,NA,NA,NA,NA,21.81,24.69,23.15,23.35,22.85,23.15,23.35,23.65,21.81,22.85,23.65,24.69,176.891,176.891,10.203,131.761,1.947,48.276,23.24,23.24,23.15,23.47,22.82,23.67,118.599,504.1,504.1,NA,197.7,NA,60.9,23.2315,23.2315,NA,23.5405,NA,23.9515,-0.01,Before nadir,88.3343491230903,176.891,23.24,1089.3,GV contact,131.761,23.47,1381.3,NA,NA,NA,NA,NA,NA,0,0,1,1,0,NA,NA,NA,NA,NA,NA,NA,NA,NA,NA,NA,NA
B67-0806171411_imp,100_imp,B67,06/08,17:14:11,00:59:00,22.87,23.68,1034.5,1139,104.5,0.96665055582407,-0.0339182182034607,400 (70%),High,7,7,6,No contact,No hub rotation,Pressure force,Absolute tip,No CH contact,No blade contact,0,NA,NA,NA,NA,NA,NA,NA,NA,22.24,25.12,23.58,23.78,23.28,23.58,23.78,24.08,22.24,23.28,24.08,25.12,77.209,77.209,4.054,45.367,2.567,37.513,23.74,23.74,23.58,23.8,23.05,24.35,76.634,43.4,13.3,11.5,8.5,NA,43.4,24.35,23.6485,23.3915,23.7835,NA,24.35,0.06,After nadir,39.93301460601,NA,NA,NA,No GV contact,NA,NA,NA,NA,NA,NA,NA,NA,NA,0,0,0,0,0,NA,NA,NA,NA,NA,NA,NA,NA,NA,NA,NA,NA
B67-0806173643_imp,100_imp,B67,06/08,17:36:43,00:59:00,35.24,35.25,793.8,1144.5,350.7,1.25976316452507,0.230923738633172,400 (70%),Low,2,3,1,No contact,Hub rotation,Pressure force,Center,No CH contact,No blade contact,0,NA,NA,NA,NA,NA,NA,NA,NA,33.81,36.69,35.15,35.35,34.85,35.15,35.35,35.65,33.81,34.85,35.65,36.69,174.209,174.209,5.039,72.615,-0.113,66.632,35.26,35.26,35.13,35.45,34.85,35.72,154.03,190.8,108.3,NA,190.8,NA,41,35.365,35.279,NA,35.365,NA,35.749,0.01,After nadir,84.8289661422436,174.209,35.26,954.4,No GV contact,NA,NA,NA,NA,NA,NA,NA,NA,NA,0,0,1,0,0,NA,NA,NA,NA,NA,NA,NA,NA,NA,NA,NA,NA
B67-0806180334_imp,100_imp,B67,06/08,18:03:34,00:59:00,21.18,21.19,957.6,1081.1,123.5,1.04427736006683,0.0433251247383737,400 (70%),High,1,3,1,No contact,No hub rotation,Pressure force,Near tip,No CH contact,No blade contact,0,NA,NA,NA,NA,NA,NA,NA,NA,19.75,22.63,21.09,21.29,20.79,21.09,21.29,21.59,19.75,20.79,21.59,22.63,145.836,145.836,6.85,79.055,1.058,54.938,21.2,21.2,20.9,21.53,20.5,21.6,66.638,350.9,36.3,14.3,350.9,16.8,9,21.5175,21.1695,20.8305,21.5175,20.4635,22.3025,0.01,After nadir,56.2096811666562,145.836,21.2,979.5,No GV contact,NA,NA,NA,NA,NA,NA,NA,NA,NA,0,0,1,0,0,NA,NA,NA,NA,NA,NA,NA,NA,NA,NA,NA,NA
B74-0717145659_imp,100_imp,B74,17/07,14:56:59,00:59:00,27.74,27.76,839.7,1152.1,312.4,1.19090151244492,0.174710593792619,400 (70%),Low,2,3,5,Contact,NA,NA,NA,CH contact,No blade contact,1,Center hub,2,NA,NA,NA,NA,NA,NA,26.32,29.2,27.66,27.86,27.36,27.66,27.86,28.16,26.32,27.36,28.16,29.2,193.399,193.399,28.085,110.672,0.942,83.018,27.78,27.78,27.66,27.86,27.36,28.16,159.405,170.9,152.3,NA,13.1,NA,170.9,28.968,27.7705,NA,27.8865,NA,28.968,0.02,After nadir,96.9020183159994,193.399,27.78,1028.8,No GV contact,NA,NA,NA,NA,NA,NA,NA,NA,NA,0,0,1,0,0,NA,NA,NA,NA,NA,NA,NA,NA,NA,NA,NA,NA
B74-0717152640_imp,100_imp,B74,17/07,15:26:40,00:59:00,18.97,19.81,947.9,1129.5,181.6,1.05496360375567,0.0535062675231411,400 (70%),High,7,4,7,No contact,Hub rotation,Pressure force,Near tip,No CH contact,No blade contact,0,NA,NA,NA,NA,NA,NA,NA,NA,18.37,21.25,19.71,19.91,19.41,19.71,19.91,20.21,18.37,19.41,20.21,21.25,142.05,142.05,3.668,103.139,12.307,103.139,19.82,19.82,19.67,20.21,19.37,20.21,104.338,122.5,31.1,4.7,65.1,22.8,122.5,20.2615,19.7935,19.6675,19.9485,19.3445,20.2615,0.01,After nadir,50.3763922435518,142.05,19.82,979.1,No GV contact,103.139,20.21,1407,NA,NA,NA,NA,NA,NA,0,0,1,0,1,NA,NA,NA,NA,NA,NA,NA,NA,NA,NA,NA,NA
B75-0717145832_imp,100_imp,B75,17/07,14:58:32,00:59:00,29.07,29.08,853.6,1129.2,275.6,1.17150890346767,0.158292578994593,400 (70%),Low,1,2,1,Contact,NA,NA,NA,No CH contact,Blade contact,1,Near tip,6,13,Indirect,NA,NA,NA,NA,27.64,30.52,28.98,29.18,28.68,28.98,29.18,29.48,27.64,28.68,29.48,30.52,188.23,188.23,2.709,111.528,0.797,39.891,29.1,29.1,28.96,29.19,28,29.56,84.192,565.6,565.6,NA,448.4,NA,21.5,29.1725,29.1725,NA,29.419,NA,30.065,0.02,After nadir,83.3682320491445,188.23,29.1,954,No GV contact,NA,NA,NA,NA,NA,NA,NA,NA,NA,0,0,1,0,0,NA,NA,NA,NA,NA,NA,NA,NA,NA,NA,NA,NA
B75-0717152936_imp,100_imp,B75,17/07,15:29:36,00:59:00,24.29,24.33,951.9,1098.8,146.9,1.05053051791155,0.0492952917248775,400 (70%),High,2,2,6,No contact,Hub rotation,Pressure force,Absolute tip,No CH contact,No blade contact,0,NA,NA,NA,NA,NA,NA,NA,NA,22.89,25.77,24.23,24.43,23.93,24.23,24.43,24.73,22.89,23.93,24.73,25.77,122.031,105.924,23.164,93.815,0.74,122.031,25.02,24.32,24.06,24.52,23.62,25.02,57.709,299.6,17.2,3.4,12.7,NA,299.6,24.986,24.288,24.229,24.505,NA,24.986,-0.01,Before nadir,46.1544023412306,105.924,24.32,1015.1,No GV contact,119.021,24.8,1401.2,122.031,25.02,1423.9,NA,NA,NA,0,0,1,0,2,NA,NA,NA,NA,NA,NA,NA,NA,NA,NA,NA,NA
B75-0806132845_imp,100_imp,B75,06/08,13:28:45,01:00:00,17.53,18.15,1053.4,1117.5,64.0999999999999,0.949307005885703,-0.052023028067152,400 (70%),High,7,6,1,No contact,Hub rotation,No pressure force,Near hub,No CH contact,No blade contact,0,NA,NA,NA,NA,NA,NA,NA,NA,16.71,19.59,18.05,18.25,17.75,18.05,18.25,18.55,16.71,17.75,18.55,19.59,155.879,127.122,7.445,155.879,2.356,56.403,18.38,18.25,18.05,18.38,17.75,18.62,75.954,402,18.1,NA,402,NA,159.3,18.4005,18.2455,NA,18.4005,NA,18.6735,0.1,After nadir,67.8079930395202,155.879,18.38,1268.3,GV contact,NA,NA,NA,NA,NA,NA,NA,NA,NA,0,0,0,1,0,NA,NA,NA,NA,NA,NA,NA,NA,NA,NA,NA,NA
B75-0806134558_imp,100_imp,B75,06/08,13:45:58,01:00:00,23.23,23.31,790.3,1248.9,458.6,1.26534227508541,0.235342658771207,400 (70%),Low,3,4,1,Contact,NA,NA,NA,No CH contact,Blade contact,1,Near hub,4,10,Indirect,NA,NA,NA,NA,21.87,24.75,23.21,23.41,22.91,23.21,23.41,23.71,21.87,22.91,23.71,24.75,186.681,186.681,79.549,180.003,2.29,36.02,23.26,23.26,23.2,23.57,22.11,23.73,159.964,692.4,426.3,13.7,692.4,NA,117.9,23.4135,23.394,23.2095,23.4135,NA,24.235,-0.05,Before nadir,130.761246690476,186.681,23.26,1107.6,No GV contact,NA,NA,NA,NA,NA,NA,NA,NA,NA,0,0,1,0,0,NA,NA,NA,NA,NA,NA,NA,NA,NA,NA,NA,NA
B76-0717150455_imp,100_imp,B76,17/07,15:04:55,00:59:00,24.83,24.84,827.8,1152.6,324.8,1.2080212611742,0.188983699667505,400 (70%),Low,4,2,1,Contact,NA,NA,NA,No CH contact,Blade contact,1,Near tip,6,13,Indirect,NA,NA,NA,NA,23.4,26.28,24.74,24.94,24.44,24.74,24.94,25.24,23.4,24.44,25.24,26.28,202.902,202.902,4.016,143.056,1.209,93.346,24.85,24.85,24.7,25.01,23.59,25.69,132.398,244.6,217.9,NA,244.6,NA,238.7,25.163,24.9205,NA,25.163,NA,25.6915,0.01,After nadir,96.1896025581025,202.902,24.85,964.9,GV contact,167.773,24.91,1197.9,143.056,25.01,1416.7,125.22,25.09,1416.3,0,0,2,2,0,NA,NA,NA,NA,NA,NA,NA,NA,NA,NA,NA,NA
B76-0717153432_imp,100_imp,B76,17/07,15:34:32,00:59:00,31.26,31.29,1053.2,1119.4,66.2,0.94948727687049,-0.0518331486400173,400 (70%),High,7,7,5,No contact,No hub rotation,No pressure force,Near tip,No CH contact,No blade contact,0,NA,NA,NA,NA,NA,NA,NA,NA,29.85,32.73,31.19,31.39,30.89,31.19,31.39,31.69,29.85,30.89,31.69,32.73,165.386,87.321,3.82,165.386,1.359,164.355,31.67,31.35,31.19,31.67,30.89,31.7,54.728,401.4,11.7,NA,157.4,NA,401.4,32.482,31.3315,NA,31.474,NA,32.482,0.06,After nadir,40.9923275910668,165.386,31.67,1293,GV contact,99.816,31.79,1274,NA,NA,NA,NA,NA,NA,0,0,0,1,1,NA,NA,NA,NA,NA,NA,NA,NA,NA,NA,NA,NA
B77-0103161613_imp,100_imp,B77,03/01,16:16:13,00:59:00,22.43,22.47,922.1,1332.6,410.5,1.08448107580523,0.0811016014370415,400 (70%),Low,6,6,1,Contact,NA,NA,NA,No CH contact,Blade contact,1,Center,2,11,Direct,NA,NA,NA,NA,21.03,23.91,22.37,22.57,22.07,22.37,22.57,22.87,21.03,22.07,22.87,23.91,225.529,225.529,41.902,139.898,1.228,44.02,22.45,22.45,22.35,22.8,21.11,23.87,182.545,611.6,611.6,6.6,482.8,NA,294.6,22.4005,22.4005,22.336,22.7865,NA,23.513,-0.02,Before nadir,124.039624276162,225.529,22.45,958.1,GV contact,116.913,22.69,1354.1,139.898,22.8,1402,NA,NA,NA,0,0,1,2,0,NA,NA,NA,NA,NA,NA,NA,NA,NA,NA,NA,NA
B77-0103164602_imp,100_imp,B77,03/01,16:46:02,01:00:00,19.08,19.1,935.5,1285.4,349.9,1.06894708711919,0.0666741332679927,400 (70%),High,7,7,5,Contact,NA,NA,NA,No CH contact,Blade contact,1,Near tip,2,13,Direct,NA,NA,NA,NA,17.66,20.54,19,19.2,18.7,19,19.2,19.5,17.66,18.7,19.5,20.54,212.76,212.76,13.253,74.648,0.772,27.802,19.11,19.11,19,19.21,18.44,19.7,180.153,623.2,623.2,NA,214.1,NA,86.3,19.0665,19.0665,NA,19.2655,NA,20.319,0.01,After nadir,97.1629194046684,212.76,19.11,1032.8,No GV contact,NA,NA,NA,NA,NA,NA,NA,NA,NA,0,0,1,0,0,NA,NA,NA,NA,NA,NA,NA,NA,NA,NA,NA,NA
B78-0717150829_imp,100_imp,B78,17/07,15:08:29,00:59:00,24.43,24.59,850.5,1253.4,402.9,1.17577895355673,0.161930867146221,400 (70%),Low,2,2,1,Contact,NA,NA,NA,No CH contact,Blade contact,2,Center,3,11,Direct,Near hub,5,10,Indirect,23.15,26.03,24.49,24.69,24.19,24.49,24.69,24.99,23.15,24.19,24.99,26.03,237.563,232.845,237.563,199.497,2.268,52.914,24.48,24.56,24.48,24.79,24.1,25.04,152.066,582.9,296.9,582.9,418.4,NA,9.1,24.4215,24.4915,24.4215,24.713,NA,25.0595,-0.03,Before nadir,151.065372689631,237.563,24.48,911.3,GV contact,199.497,24.79,1330.7,NA,NA,NA,NA,NA,NA,0,1,0,1,0,NA,NA,NA,NA,NA,NA,NA,NA,NA,NA,NA,NA
B78-0717153803_imp,100_imp,B78,17/07,15:38:03,01:00:00,24.86,24.88,992.2,1129.1,136.9,1.0078613182826,0.00783057911518839,400 (70%),High,7,7,7,No contact,No hub rotation,Pressure force,Near tip,No CH contact,No blade contact,0,NA,NA,NA,NA,NA,NA,NA,NA,23.44,26.32,24.78,24.98,24.48,24.78,24.98,25.28,23.44,24.48,25.28,26.32,221.457,131.378,4.486,221.457,1.19,167.37,25.06,24.88,24.78,25.06,24.48,25.31,131.378,597.8,72.9,NA,597.8,NA,324.1,25.0145,24.9075,NA,25.0145,NA,25.431,0,On nadir,59.0816870640415,131.378,24.88,992.2,GV contact,221.457,25.06,1317,167.37,25.31,1261,NA,NA,NA,0,0,1,1,1,NA,NA,NA,NA,NA,NA,NA,NA,NA,NA,NA,NA
B75-0806141032_imp,100_imp,B75,06/08,14:10:32,00:59:00,26.96,26.98,1022,1088.9,66.9000000000001,0.978473581213307,-0.0217614917815127,400 (70%),High,3,3,6,No contact,Hub rotation,No pressure force,Center hub,No CH contact,No blade contact,0,NA,NA,NA,NA,NA,NA,NA,NA,25.54,28.42,26.88,27.08,26.58,26.88,27.08,27.38,25.54,26.58,27.38,28.42,179.063,121.566,2.267,179.063,1.014,174.27,27.13,27.08,26.83,27.13,26.58,28.28,60.72,365.3,30.6,NA,23.5,4.1,365.3,28.084,27.0675,NA,27.122,25.6175,28.084,0.1,After nadir,70.342017959193,179.063,27.13,1380.8,GV contact,168.281,27.4,1257.5,174.27,28.28,1181.5,NA,NA,NA,0,0,0,1,2,NA,NA,NA,NA,NA,NA,NA,NA,NA,NA,NA,NA
B75-0806142519_imp,100_imp,B75,06/08,14:25:19,00:59:00,22.51,22.52,914.2,1197.5,283.3,1.09385254867644,0.089705913084493,400 (70%),Low,6,2,6,Contact,NA,NA,NA,No CH contact,Blade contact,1,Absolute tip,6,14,Direct,NA,NA,NA,NA,21.08,23.96,22.42,22.62,22.12,22.42,22.62,22.92,21.08,22.12,22.92,23.96,169.261,157.725,14.178,169.261,1.625,136.604,22.91,22.53,22.27,22.91,22.12,22.93,133.158,586.3,586.3,31.6,421.1,5.2,417.3,22.488,22.488,22.36,22.9035,21.1625,23.0715,0.01,After nadir,66.5217051255417,157.725,22.53,972.6,GV contact,169.261,22.91,1423.5,NA,NA,NA,NA,NA,NA,0,0,1,1,0,NA,NA,NA,NA,NA,NA,NA,NA,NA,NA,NA,NA
B75-0806144357_imp,100_imp,B75,06/08,14:43:57,00:59:00,25.32,25.35,1001,1146.9,145.9,0.999000999000999,-9.9950033308349e-4,400 (70%),High,2,4,1,Contact,NA,NA,NA,CH contact,No blade contact,1,Center hub,2,NA,Direct,NA,NA,NA,NA,23.91,26.79,25.25,25.45,24.95,25.25,25.45,25.75,23.91,24.95,25.75,26.79,211.193,211.193,45.439,72.848,0.301,70.012,25.36,25.36,25.25,25.49,24.74,25.75,191.85,570.4,570.4,7.9,95.1,NA,76.7,25.3135,25.3135,25.2335,25.477,NA,25.8795,0.01,After nadir,118.266483245415,211.193,25.36,1080.6,No GV contact,NA,NA,NA,NA,NA,NA,NA,NA,NA,0,0,1,0,0,NA,NA,NA,NA,NA,NA,NA,NA,NA,NA,NA,NA
B75-0806160726_imp,100_imp,B75,06/08,16:07:26,00:59:00,24.84,24.85,961.9,1208.1,246.2,1.03960910697578,0.0388447838235672,400 (70%),Low,7,7,1,Contact,NA,NA,NA,No CH contact,Blade contact,1,Near tip,1,13,Indirect,NA,NA,NA,NA,23.41,26.29,24.75,24.95,24.45,24.75,24.95,25.25,23.41,24.45,25.25,26.29,140.746,140.746,9.978,79.425,1.046,96.623,24.86,24.86,24.73,25.25,24.45,25.36,74.461,565.6,492.3,30.1,565.6,NA,13.9,25.1965,24.8295,24.7045,25.1965,NA,25.3425,0.01,After nadir,55.5481636578736,140.746,24.86,985.4,No GV contact,NA,NA,NA,NA,NA,NA,NA,NA,NA,0,0,1,0,0,NA,NA,NA,NA,NA,NA,NA,NA,NA,NA,NA,NA
B75-0806162232_imp,100_imp,B75,06/08,16:22:32,01:00:00,17.58,17.7,756.7,1265,508.3,1.32152768600502,0.278788405281661,400 (70%),High,7,7,1,Contact,NA,NA,NA,CH contact,Blade contact,2,Absolute tip,4,14,Direct,Center hub,6,NA,Direct,16.26,19.14,17.6,17.8,17.3,17.6,17.8,18.1,16.26,17.3,18.1,19.14,244.838,244.838,175.987,181.951,1.151,66.267,17.71,17.71,17.6,17.91,17.17,18.48,233.965,527.9,419.7,516.3,227.7,NA,527.9,18.455,17.6425,17.57,18.0265,NA,18.455,0.01,After nadir,128.265543015819,244.838,17.71,964.3,No GV contact,NA,NA,NA,NA,NA,NA,NA,NA,NA,0,0,1,0,0,NA,NA,NA,NA,NA,NA,NA,NA,NA,NA,NA,NA
B75-0806164125_imp,100_imp,B75,06/08,16:41:25,01:00:00,21.59,21.61,910.4,1145.4,235,1.09841827768014,0.0938712156100705,400 (70%),Low,3,3,1,No contact,Hub rotation,Pressure force,Center,No CH contact,No blade contact,0,NA,NA,NA,NA,NA,NA,NA,NA,20.17,23.05,21.51,21.71,21.21,21.51,21.71,22.01,20.17,21.21,22.01,23.05,175.406,175.406,6.041,116.945,1.145,146.564,21.6,21.6,21.48,21.84,21.02,22.03,160.43,504.8,261,NA,504.8,NA,400.4,21.7195,21.631,NA,21.7195,NA,22.076,-0.01,Before nadir,88.1735295588032,175.406,21.6,1037.1,GV contact,116.945,21.84,1395.9,146.564,22.03,1433.6,NA,NA,NA,0,0,1,1,1,NA,NA,NA,NA,NA,NA,NA,NA,NA,NA,NA,NA
B75-0806171105_imp,100_imp,B75,06/08,17:11:05,00:59:00,20.29,20.33,884.6,1231.3,346.7,1.13045444268596,0.122619713547911,400 (70%),High,3,3,6,Contact,NA,NA,NA,No CH contact,Blade contact,1,Near hub,4,10,Direct,NA,NA,NA,NA,18.89,21.77,20.23,20.43,19.93,20.23,20.43,20.73,18.89,19.93,20.73,21.77,233.958,233.958,49.359,149.823,1.123,23.096,20.33,20.33,20.23,20.43,19.9,21.08,233.958,444.9,444.9,10.3,29,NA,37.4,20.333,20.333,20.2255,20.5025,NA,21.602,0,On nadir,123.950049890307,233.958,20.33,884.6,No GV contact,NA,NA,NA,NA,NA,NA,NA,NA,NA,0,0,1,0,0,NA,NA,NA,NA,NA,NA,NA,NA,NA,NA,NA,NA
B75-0806173815_imp,100_imp,B75,06/08,17:38:15,00:59:00,27.99,28.02,1008.4,1122.4,114,0.991669972233241,-0.00836491633162766,400 (70%),Low,6,6,5,No contact,No hub rotation,Pressure force,Near tip,No CH contact,No blade contact,0,NA,NA,NA,NA,NA,NA,NA,NA,26.58,29.46,27.92,28.12,27.62,27.92,28.12,28.42,26.58,27.62,28.42,29.46,164.29,164.29,10.002,80.558,1.368,137.941,28.09,28.09,27.92,28.14,27.58,28.47,140.858,481.2,76.7,NA,481.2,NA,468.6,28.121,27.992,NA,28.121,NA,28.432,0.07,After nadir,82.7477924476078,164.29,28.09,1339.2,No GV contact,137.941,28.47,1321.5,NA,NA,NA,NA,NA,NA,0,0,1,0,1,NA,NA,NA,NA,NA,NA,NA,NA,NA,NA,NA,NA
B75-0806180444_imp,100_imp,B75,06/08,18:04:44,00:59:00,20,20.02,911,1131.7,220.7,1.09769484083425,0.0932123817221788,400 (70%),High,2,3,1,No contact,No hub rotation,Pressure force,Center,No CH contact,No blade contact,0,NA,NA,NA,NA,NA,NA,NA,NA,18.58,21.46,19.92,20.12,19.62,19.92,20.12,20.42,18.58,19.62,20.42,21.46,169.965,169.965,5.508,68.176,1.058,49.978,20.02,20.02,19.9,20.27,19.62,20.42,169.965,74.5,30.4,NA,42.6,NA,74.5,20.5465,19.999,NA,20.179,NA,20.5465,0,On nadir,67.8410376429797,169.965,20.02,911,No GV contact,NA,NA,NA,NA,NA,NA,NA,NA,NA,0,0,1,0,0,NA,NA,NA,NA,NA,NA,NA,NA,NA,NA,NA,NA
B75-0806181311_imp,100_imp,B75,06/08,18:13:11,01:00:00,16.43,16.47,913.1,1226.5,313.4,1.09517029898149,0.0909098753598426,400 (70%),Low,4,5,1,Contact,NA,NA,NA,No CH contact,Blade contact,1,Near tip,2,13,Direct,NA,NA,NA,NA,15.03,17.91,16.37,16.57,16.07,16.37,16.57,16.87,15.03,16.07,16.87,17.91,215.283,215.283,22.555,153.231,1.32,29.855,16.49,16.49,16.37,16.58,16.07,16.9,163.36,513.2,513.2,6.1,10.6,NA,194.9,16.416,16.416,16.3695,16.6315,NA,17.898,0.02,After nadir,136.298214805414,215.283,16.49,1037,No GV contact,NA,NA,NA,NA,NA,NA,NA,NA,NA,0,0,1,0,0,NA,NA,NA,NA,NA,NA,NA,NA,NA,NA,NA,NA
B76-0806132559_imp,100_imp,B76,06/08,13:25:59,00:59:00,14.07,14.1,1012.3,1099.9,87.6000000000001,0.987849451743554,-0.0122249696225689,400 (70%),High,4,6,5,No contact,No hub rotation,Pressure force,Center,No CH contact,No blade contact,0,NA,NA,NA,NA,NA,NA,NA,NA,12.66,15.54,14,14.2,13.7,14,14.2,14.5,12.66,13.7,14.5,15.54,161.526,161.526,9.707,133.426,0.282,135.543,14.1,14.1,14,14.32,12.99,14.99,161.526,141.9,24.3,NA,40.8,NA,141.9,14.7415,14.0705,NA,14.274,NA,14.7415,0,On nadir,74.1075861687716,161.526,14.1,1012.3,GV contact,133.426,14.32,1299.4,135.543,14.99,1382.5,NA,NA,NA,0,0,1,1,1,NA,NA,NA,NA,NA,NA,NA,NA,NA,NA,NA,NA
B76-0806134449_imp,100_imp,B76,06/08,13:44:49,00:59:00,26.63,26.66,1033.7,1103.6,69.8999999999999,0.967398664989842,-0.0331445985923021,400 (70%),Low,5,6,1,Contact,NA,NA,NA,No CH contact,Blade contact,1,Near hub,1,10,Direct,NA,NA,NA,NA,25.22,28.1,26.56,26.76,26.26,26.56,26.76,27.06,25.22,26.26,27.06,28.1,125.13,125.13,3.416,93.327,0.98,77.106,26.73,26.73,26.54,26.93,26.26,27.09,45.34,570.2,570.2,NA,13.4,NA,284.8,26.7085,26.7085,NA,26.905,NA,27.159,0.07,After nadir,50.5222471326576,125.13,26.73,1334.6,No GV contact,NA,NA,NA,NA,NA,NA,NA,NA,NA,0,0,1,0,0,NA,NA,NA,NA,NA,NA,NA,NA,NA,NA,NA,NA
B76-0806142702_imp,100_imp,B76,06/08,14:27:02,01:00:00,25.43,25.46,1025.1,1094.7,69.6000000000001,0.97551458394303,-0.0247901688072187,400 (70%),Low,5,6,1,No contact,Hub rotation,No pressure force,Near hub,No CH contact,No blade contact,0,NA,NA,NA,NA,NA,NA,NA,NA,24.02,26.9,25.36,25.56,25.06,25.36,25.56,25.86,24.02,25.06,25.86,26.9,224.948,135.803,5.56,224.948,0.468,106.772,25.7,25.56,25.35,25.7,25.06,26.34,57.62,223.1,38.5,NA,133.6,NA,223.1,26.3665,25.56,NA,25.5605,NA,26.3665,0.1,After nadir,66.6062828557272,224.948,25.7,1318.4,GV contact,143.373,25.8,1380.3,106.772,26.34,1341.6,NA,NA,NA,0,0,0,2,1,NA,NA,NA,NA,NA,NA,NA,NA,NA,NA,NA,NA
B76-0806144250_imp,100_imp,B76,06/08,14:42:50,01:00:00,23.37,24.16,986.7,1119.6,132.9,1.01347927434884,0.013389237119016,400 (70%),High,6,3,7,No contact,Hub rotation,Pressure force,Near hub,No CH contact,No blade contact,0,NA,NA,NA,NA,NA,NA,NA,NA,22.72,25.6,24.06,24.26,23.76,24.06,24.26,24.56,22.72,23.76,24.56,25.6,168.031,77.233,2.923,168.031,1.427,146.064,24.44,24.24,24.01,24.44,23.76,24.58,47.585,407.3,12.9,NA,45.9,NA,407.3,24.725,24.139,NA,24.357,NA,24.725,0.08,After nadir,34.4252357622386,168.031,24.44,1333.4,GV contact,146.064,24.58,1300.2,112.859,24.68,1325.3,NA,NA,NA,0,0,0,1,2,NA,NA,NA,NA,NA,NA,NA,NA,NA,NA,NA,NA
B76-0806155800_imp,100_imp,B76,06/08,15:58:00,00:59:00,22.84,22.86,1035,1101,66,0.966183574879227,-0.0344014267173324,400 (70%),Low,6,6,1,No contact,Hub rotation,No pressure force,Near tip,No CH contact,No blade contact,0,NA,NA,NA,NA,NA,NA,NA,NA,21.42,24.3,22.76,22.96,22.46,22.76,22.96,23.26,21.42,22.46,23.26,24.3,139.33,139.33,2.513,123.528,0.77,58.541,22.92,22.92,22.75,23,22.46,23.79,32.597,400.9,71.8,NA,400.9,NA,137.1,23.002,22.918,NA,23.002,NA,23.4595,0.06,After nadir,47.0887510957968,139.33,22.92,1278.1,No GV contact,NA,NA,NA,NA,NA,NA,NA,NA,NA,0,0,1,0,0,NA,NA,NA,NA,NA,NA,NA,NA,NA,NA,NA,NA
B76-0806161900_imp,100_imp,B76,06/08,16:19:00,01:00:00,16.91,16.92,945.4,1086.7,141.3,1.057753331923,0.056147160623001,400 (70%),High,1,1,6,No contact,Hub rotation,Pressure force,Absolute tip,No CH contact,No blade contact,0,NA,NA,NA,NA,NA,NA,NA,NA,15.48,18.36,16.82,17.02,16.52,16.82,17.02,17.32,15.48,16.52,17.32,18.36,213.59,144.693,3.701,213.59,0.354,151.567,17.11,16.93,16.7,17.11,15.59,17.62,88.265,535.1,20.5,NA,535.1,NA,421.8,17.06,16.909,NA,17.06,NA,17.496,0.01,After nadir,49.5680382451857,144.693,16.93,956.5,GV contact,213.59,17.11,1299.6,151.567,17.62,1437.8,NA,NA,NA,0,0,1,1,1,NA,NA,NA,NA,NA,NA,NA,NA,NA,NA,NA,NA
B76-0806164443_imp,100_imp,B76,06/08,16:44:43,00:59:00,24.59,24.6,702.3,1165.5,463.2,1.42389292325217,0.35339461581716197,400 (70%),Low,1,1,7,Contact,NA,NA,NA,No CH contact,Blade contact,1,Absolute tip,6,14,Direct,NA,NA,NA,NA,23.16,26.04,24.5,24.7,24.2,24.5,24.7,25,23.16,24.2,25,26.04,191.433,191.433,6.051,166.801,0.312,99.029,24.61,24.61,24.32,24.7,23.47,25.13,121.729,563.2,563.2,NA,440.8,NA,27.5,24.5825,24.5825,NA,24.7875,NA,25.23,0.01,After nadir,90.8527234730814,191.433,24.61,892.9,GV contact,116.301,24.83,1421.6,99.029,25.13,1346.1,NA,NA,NA,0,0,1,1,1,NA,NA,NA,NA,NA,NA,NA,NA,NA,NA,NA,NA
B76-0806170715_imp,100_imp,B76,06/08,17:07:15,00:59:00,24.27,24.29,979,1223.1,244.1,1.02145045965271,0.0212236364516266,400 (70%),High,3,3,7,Contact,NA,NA,NA,No CH contact,Blade contact,1,Center,3,11,Direct,NA,NA,NA,NA,22.85,25.73,24.19,24.39,23.89,24.19,24.39,24.69,22.85,23.89,24.69,25.73,152.499,152.499,3.175,82.67,3.349,75.95,24.3,24.3,24,24.59,23.81,24.69,136.495,564.5,564.5,NA,167.8,NA,176.6,24.2595,24.2595,NA,24.6115,NA,24.7855,0.01,After nadir,72.3895464286305,152.499,24.3,993.9,No GV contact,NA,NA,NA,NA,NA,NA,NA,NA,NA,0,0,1,0,0,NA,NA,NA,NA,NA,NA,NA,NA,NA,NA,NA,NA
B76-0806172759_imp,100_imp,B76,06/08,17:27:59,00:59:00,26.04,26.06,1010.8,1100.9,90.1000000000001,0.989315393747527,-0.0107420965319021,400 (70%),Low,3,3,7,No contact,Hub rotation,Pressure force,Center hub,No CH contact,No blade contact,0,NA,NA,NA,NA,NA,NA,NA,NA,24.62,27.5,25.96,26.16,25.66,25.96,26.16,26.46,24.62,25.66,26.46,27.5,110.709,110.709,4.92,66.364,0.54,45.821,26.07,26.07,25.96,26.28,24.83,26.59,86.722,17.2,16,NA,10.4,NA,17.2,27.3765,26.0395,NA,26.2565,NA,27.3765,0.01,After nadir,45.7633526993567,110.709,26.07,1018.5,No GV contact,NA,NA,NA,NA,NA,NA,NA,NA,NA,0,0,1,0,0,NA,NA,NA,NA,NA,NA,NA,NA,NA,NA,NA,NA
B76-0806175906_imp,100_imp,B76,06/08,17:59:06,00:59:00,23.17,23.18,801.6,1195.1,393.5,1.24750499001996,0.221145548651537,400 (70%),High,2,2,6,Contact,NA,NA,NA,No CH contact,Blade contact,1,Near hub,4,10,Indirect,NA,NA,NA,NA,21.74,24.62,23.08,23.28,22.78,23.08,23.28,23.58,21.74,22.78,23.58,24.62,212.777,209.132,9.357,212.777,1.204,143.559,23.43,23.2,23.02,23.43,22.78,23.61,165.334,599.6,599.6,NA,286.9,NA,391.5,23.1615,23.1615,NA,23.551,NA,23.664,0.02,After nadir,96.5799159280369,209.132,23.2,1004.8,GV contact,212.777,23.43,1255.3,143.559,23.61,1335.2,NA,NA,NA,0,0,1,1,1,NA,NA,NA,NA,NA,NA,NA,NA,NA,NA,NA,NA
B76-0806182401_imp,100_imp,B76,06/08,18:24:01,00:59:00,22.99,23.02,996.8,1198.6,201.8,1.00321027287319,0.00320513094894833,400 (70%),Low,3,3,1,Contact,NA,NA,NA,No CH contact,Blade contact,1,Center,4,11,Direct,NA,NA,NA,NA,21.58,24.46,22.92,23.12,22.62,22.92,23.12,23.42,21.58,22.62,23.42,24.46,212.321,212.321,24.153,121.044,1.677,78.403,23.02,23.02,22.92,23.23,22.62,23.5,212.321,493.4,493.4,6.4,92.1,NA,427.6,22.9725,22.9725,22.9065,23.176,NA,23.468,0,On nadir,108.225779409793,212.321,23.02,996.8,GV contact,121.044,23.23,1349,NA,NA,NA,NA,NA,NA,0,0,1,1,0,NA,NA,NA,NA,NA,NA,NA,NA,NA,NA,NA,NA
B77-0102020905_imp,100_imp,B77,02/01,02:09:05,00:59:00,13.5,13.53,930.2,1144,213.8,1.07503762631692,0.0723556621921403,400 (70%),High,4,3,7,Contact,NA,NA,NA,No CH contact,Blade contact,1,Center,4,11,Direct,NA,NA,NA,NA,12.09,14.97,13.43,13.63,13.13,13.43,13.63,13.93,12.09,13.13,13.93,14.97,191.043,191.043,8.658,84.515,0.034,33.227,13.54,13.54,13.43,13.8,13.13,14.63,124.357,616.9,616.9,NA,12.6,NA,129.6,13.5085,13.5085,NA,13.781,NA,14.0765,0.01,After nadir,67.9827949641882,191.043,13.54,998,No GV contact,NA,NA,NA,NA,NA,NA,NA,NA,NA,0,0,1,0,0,NA,NA,NA,NA,NA,NA,NA,NA,NA,NA,NA,NA
B77-0102022635_imp,100_imp,B77,02/01,02:26:35,00:59:00,28.89,28.9,913,1146.2,233.2,1.09529025191676,0.0910193983871686,400 (70%),Low,6,3,7,No contact,Hub rotation,Pressure force,Near tip,No CH contact,No blade contact,0,NA,NA,NA,NA,NA,NA,NA,NA,27.46,30.34,28.8,29,28.5,28.8,29,29.3,27.46,28.5,29.3,30.34,205.109,142.541,3.839,205.109,1.844,83.1,29.24,28.92,28.59,29.24,28.5,29.33,75.042,456.4,407,NA,68.5,NA,456.4,29.3035,28.916,NA,29.245,NA,29.3035,0.02,After nadir,54.2996883245462,142.541,28.92,1008.6,GV contact,205.109,29.24,1410.3,NA,NA,NA,NA,NA,NA,0,0,1,1,0,NA,NA,NA,NA,NA,NA,NA,NA,NA,NA,NA,NA
B77-0102023924_imp,100_imp,B77,02/01,02:39:24,00:59:00,29.52,29.53,901.3,1223.2,321.9,1.10950848773993,0.103917113419773,400 (70%),High,2,2,1,Contact,NA,NA,NA,No CH contact,Blade contact,1,Near tip,4,13,Direct,NA,NA,NA,NA,28.09,30.97,29.43,29.63,29.13,29.43,29.63,29.93,28.09,29.13,29.93,30.97,205.816,205.816,3.861,97.966,1.444,48.561,29.54,29.54,29.26,29.71,28.23,29.93,90.264,564.6,564.6,NA,135,NA,94.6,29.508,29.508,NA,29.6905,NA,30.385,0.01,After nadir,65.8868088156101,205.816,29.54,933.8,No GV contact,NA,NA,NA,NA,NA,NA,NA,NA,NA,0,0,1,0,0,NA,NA,NA,NA,NA,NA,NA,NA,NA,NA,NA,NA
B77-0102031024_imp,100_imp,B77,02/01,03:10:24,00:59:00,23.99,24.01,882,1134.7,252.7,1.13378684807256,0.125563222975346,400 (70%),Low,2,2,6,No contact,Hub rotation,Pressure force,Near tip,No CH contact,No blade contact,0,NA,NA,NA,NA,NA,NA,NA,NA,22.57,25.45,23.91,24.11,23.61,23.91,24.11,24.41,22.57,23.61,24.41,25.45,193.448,132.413,2.685,193.448,0.536,75.435,24.21,24.01,23.91,24.21,23.61,24.73,132.413,29.4,29.4,NA,28.3,NA,9.9,23.985,23.985,NA,24.202,NA,24.679,0,On nadir,64.0417371741719,132.413,24.01,882,GV contact,154.264,24.15,1356,193.448,24.21,1310.7,NA,NA,NA,0,0,1,2,0,NA,NA,NA,NA,NA,NA,NA,NA,NA,NA,NA,NA
B77-0102032311_imp,100_imp,B77,02/01,03:23:11,00:59:00,20.77,20.79,778.2,1190,411.8,1.28501670521717,0.250771718431684,400 (70%),High,7,6,7,Contact,NA,NA,NA,No CH contact,Blade contact,1,Near tip,5,13,Indirect,NA,NA,NA,NA,19.35,22.23,20.69,20.89,20.39,20.69,20.89,21.19,19.35,20.39,21.19,22.23,206.401,146.279,8.908,206.401,7.835,99.568,20.97,20.78,20.4,20.97,19.8,21.21,130.833,536.7,399.3,6.2,32.6,29.4,536.7,21.3275,20.762,20.686,20.948,19.772,21.3275,-0.01,Before nadir,59.587240825053,146.279,20.78,1183.3,GV contact,206.401,20.97,1311.6,99.568,21.21,1384.3,NA,NA,NA,0,0,1,1,1,NA,NA,NA,NA,NA,NA,NA,NA,NA,NA,NA,NA
B77-0102052047_imp,100_imp,B77,02/01,05:20:47,00:59:00,21.4,21.43,1013.9,1160.4,146.5,0.986290561199329,-0.013804280976397,400 (70%),Low,4,4,6,Contact,NA,NA,NA,CH contact,No blade contact,1,Center hub,4,NA,Direct,NA,NA,NA,NA,19.99,22.87,21.33,21.53,21.03,21.33,21.53,21.83,19.99,21.03,21.83,22.87,189.486,189.486,15.478,171.632,1.856,114.326,21.44,21.44,21.33,21.61,20.99,22.05,168.851,432.4,274.5,NA,432.4,NA,407.5,21.5395,21.4605,NA,21.5395,NA,21.9235,0.01,After nadir,102.638235436758,189.486,21.44,1014,No GV contact,99.994,21.89,1408.6,114.326,22.05,1390.1,NA,NA,NA,0,0,1,0,2,NA,NA,NA,NA,NA,NA,NA,NA,NA,NA,NA,NA
B77-0102054611_imp,100_imp,B77,02/01,05:46:11,00:59:00,21,21.03,1051.4,1110.7,59.3,0.951112801978314,-0.0501226094032108,400 (70%),High,6,7,1,No contact,Hub rotation,No pressure force,Near tip,No CH contact,No blade contact,0,NA,NA,NA,NA,NA,NA,NA,NA,19.59,22.47,20.93,21.13,20.63,20.93,21.13,21.43,19.59,20.63,21.43,22.47,195.82,136.61,2.819,195.82,0.817,97.871,21.27,21.09,20.92,21.27,20.63,21.54,39.828,448.2,87.1,NA,448.2,NA,399.1,21.1465,21.0865,NA,21.1465,NA,21.8425,0.06,After nadir,56.1219712327322,195.82,21.27,1219.3,GV contact,132.801,21.39,1314.9,NA,NA,NA,NA,NA,NA,0,0,0,2,0,NA,NA,NA,NA,NA,NA,NA,NA,NA,NA,NA,NA
B77-0102061252_imp,100_imp,B77,02/01,06:12:52,01:00:00,24.5,24.52,832.4,1102,269.6,1.2013455069678,0.183442184462658,400 (70%),Low,1,1,7,No contact,Hub rotation,Pressure force,Near tip,No CH contact,No blade contact,0,NA,NA,NA,NA,NA,NA,NA,NA,23.08,25.96,24.42,24.62,24.12,24.42,24.62,24.92,23.08,24.12,24.92,25.96,161.947,161.947,5.134,85.725,0.149,75.215,24.53,24.53,24.27,24.9,23.48,24.92,111.925,270.4,54.3,NA,270.4,NA,164.4,24.801,24.5,NA,24.801,NA,24.9945,0.01,After nadir,58.9329382312763,161.947,24.53,919.2,No GV contact,NA,NA,NA,NA,NA,NA,NA,NA,NA,0,0,1,0,0,NA,NA,NA,NA,NA,NA,NA,NA,NA,NA,NA,NA
B77-0102063308_imp,100_imp,B77,02/01,06:33:08,00:59:00,20.18,20.2,926.1,1167,240.9,1.07979699816435,0.0767730588059138,400 (70%),High,4,4,6,Contact,NA,NA,NA,CH contact,No blade contact,1,Center hub,2,NA,Direct,NA,NA,NA,NA,18.76,21.64,20.1,20.3,19.8,20.1,20.3,20.6,18.76,19.8,20.6,21.64,215.334,215.334,56.775,146.783,0.774,67.842,20.21,20.21,20.1,20.59,19.72,20.63,210.642,542.4,542.4,153.5,502.1,NA,50.1,20.196,20.196,20.0765,20.5305,NA,20.93,0.01,After nadir,114.297870472601,215.334,20.21,946.4,GV contact,144.971,20.27,1238.3,146.783,20.59,1405.3,NA,NA,NA,0,0,2,1,0,NA,NA,NA,NA,NA,NA,NA,NA,NA,NA,NA,NA
B77-0102065956_imp,100_imp,B77,02/01,06:59:56,00:59:00,24.08,25.04,767.3,1112,344.7,1.30327121073895,0.264877419798518,400 (70%),Low,6,4,6,Contact,NA,NA,NA,CH contact,No blade contact,1,Center hub,2,NA,Direct,NA,NA,NA,NA,23.6,26.48,24.94,25.14,24.64,24.94,25.14,25.44,23.6,24.64,25.44,26.48,220.269,220.269,48.975,145.111,0.926,102.933,25.02,25.02,24.94,25.17,24.54,25.76,125.454,566.1,431,9.9,248.4,NA,566.1,25.7455,24.968,24.935,25.14,NA,25.7455,-0.02,Before nadir,115.257606121699,220.269,25.02,913.9,No GV contact,102.933,25.76,1258.8,NA,NA,NA,NA,NA,NA,0,0,1,0,1,NA,NA,NA,NA,NA,NA,NA,NA,NA,NA,NA,NA
B78-0104234903_imp,100_imp,B78,04/01,23:49:03,00:59:00,14.94,14.95,902.3,1284.3,382,1.10827884295689,0.102808219981682,400 (70%),High,7,7,1,Contact,NA,NA,NA,No CH contact,Blade contact,2,Absolute tip,5,NA,Direct,Near tip,1,13,Indirect,13.51,16.39,14.85,15.05,14.55,14.85,15.05,15.35,13.51,14.55,15.35,16.39,200.848,200.848,8.482,167.558,2.926,126.087,14.96,14.96,14.85,15.18,14.55,15.85,140.25,601.5,601.5,NA,499.5,NA,397.8,15.005,15.005,NA,15.1875,NA,15.5685,0.01,After nadir,101.605659590446,200.848,14.96,987.1,GV contact,167.558,15.18,1366.8,132.522,15.28,1296.2,126.087,15.85,1339.4,0,0,1,2,1,NA,NA,NA,NA,NA,NA,NA,NA,NA,NA,NA,NA
B78-0105001037_imp,100_imp,B78,05/01,00:10:37,00:59:00,23.31,24.25,990.5,1122.9,132.4,1.00959111559818,0.00954541284353141,400 (70%),Low,6,3,7,No contact,Hub rotation,No pressure force,Center,No CH contact,No blade contact,0,NA,NA,NA,NA,NA,NA,NA,NA,22.81,25.69,24.15,24.35,23.85,24.15,24.35,24.65,22.81,23.85,24.65,25.69,166.062,83.127,3.498,166.062,1.637,102.218,24.48,24.26,24.11,24.48,23.85,24.8,57.063,346.8,12.5,NA,29.2,NA,346.8,24.8725,24.23,NA,24.474,NA,24.8725,0.01,After nadir,38.1738464926921,166.062,24.48,1322.1,GV contact,102.218,24.8,1384.8,101.835,25.09,1352.6,NA,NA,NA,0,0,0,1,2,NA,NA,NA,NA,NA,NA,NA,NA,NA,NA,NA,NA
B78-0105002356_imp,100_imp,B78,05/01,00:23:56,00:59:00,22.91,22.93,993.2,1119.2,126,1.00684655658478,0.00682322534812543,400 (70%),High,7,6,7,No contact,No hub rotation,Pressure force,Near hub,No CH contact,No blade contact,0,NA,NA,NA,NA,NA,NA,NA,NA,21.49,24.37,22.83,23.03,22.53,22.83,23.03,23.33,21.49,22.53,23.33,24.37,135.1,135.1,2.258,82.162,1.566,92.55,22.93,22.93,22.78,23.33,22.52,23.34,135.1,345.3,19.8,NA,345.3,NA,89.1,23.2495,22.9095,NA,23.2495,NA,23.5425,0,On nadir,51.3147528851759,135.1,22.93,993.2,No GV contact,NA,NA,NA,NA,NA,NA,NA,NA,NA,0,0,1,0,0,NA,NA,NA,NA,NA,NA,NA,NA,NA,NA,NA,NA
B78-0105004835_imp,100_imp,B78,05/01,00:48:35,00:59:00,20.79,21.58,1044.2,1130.8,86.5999999999999,0.957670944263551,-0.0432510419943149,400 (70%),Low,7,7,1,No contact,Hub rotation,No pressure force,Near tip,No CH contact,No blade contact,0,NA,NA,NA,NA,NA,NA,NA,NA,20.14,23.02,21.48,21.68,21.18,21.48,21.68,21.98,20.14,21.18,21.98,23.02,155.82,155.82,1.623,137.157,2.353,121.256,21.66,21.66,21.24,21.73,20.74,22.23,37.008,523.3,523.3,NA,17.1,NA,427,21.646,21.646,NA,21.706,NA,22.216,0.08,After nadir,52.9313623860903,155.82,21.66,1395.2,No GV contact,121.256,22.23,1429.6,103.498,22.43,1400.4,118.197,22.72,1383.8,0,0,1,0,4,104.07,22.98,1417.2,NA,NA,NA,NA,NA,NA,NA,NA,NA
B78-0105010709_imp,100_imp,B78,05/01,01:07:09,00:59:00,23.31,23.33,1020.8,1120.1,99.3,0.979623824451411,-0.0205866336083883,400 (70%),High,6,7,5,No contact,No hub rotation,Pressure force,Near tip,No CH contact,No blade contact,0,NA,NA,NA,NA,NA,NA,NA,NA,21.89,24.77,23.23,23.43,22.93,23.23,23.43,23.73,21.89,22.93,23.73,24.77,162.876,162.876,7.788,94.819,1.446,106.967,23.33,23.33,23.23,23.55,22.92,23.76,162.876,174.8,28.5,NA,107.8,NA,174.8,23.899,23.3035,NA,23.653,NA,23.899,0,On nadir,65.1566240121959,162.876,23.33,1020.8,No GV contact,106.967,23.76,1321.6,NA,NA,NA,NA,NA,NA,0,0,1,0,1,NA,NA,NA,NA,NA,NA,NA,NA,NA,NA,NA,NA
B78-0105024336_imp,100_imp,B78,05/01,02:43:36,00:59:00,19.08,19.1,974.2,1165.9,191.7,1.02648326832273,0.0261386576096947,400 (70%),High,2,2,1,Contact,NA,NA,NA,No CH contact,Blade contact,1,Near tip,3,13,Direct,NA,NA,NA,NA,17.66,20.54,19,19.2,18.7,19,19.2,19.5,17.66,18.7,19.5,20.54,165.681,165.681,4.783,136.22,0.846,28.747,19.08,19.08,19,19.28,17.66,20.36,153.015,553.1,553.1,NA,407.9,NA,6,19.0655,19.0655,NA,19.223,NA,20.183,-0.02,Before nadir,76.9024543762762,165.681,19.08,1165.9,GV contact,136.22,19.28,1297.2,NA,NA,NA,NA,NA,NA,0,0,1,1,0,NA,NA,NA,NA,NA,NA,NA,NA,NA,NA,NA,NA
B78-0105033431_imp,100_imp,B78,05/01,03:34:31,00:59:00,24.84,24.86,882.8,1161.9,279.1,1.13275940190304,0.124656604599556,400 (70%),High,1,1,7,Contact,NA,NA,NA,No CH contact,Blade contact,1,Absolute tip,2,14,Direct,NA,NA,NA,NA,23.42,26.3,24.76,24.96,24.46,24.76,24.96,25.26,23.42,24.46,25.26,26.3,182.487,182.487,30.4,159.896,5.434,167.024,24.87,24.87,24.76,25.02,24.46,25.29,175.334,467.6,467.6,37.5,421.6,NA,164.6,24.8235,24.8235,24.573,25.1245,NA,25.4945,0.01,After nadir,104.517959989796,182.487,24.87,957.2,GV contact,159.896,25.02,1384.2,167.024,25.29,1232.9,NA,NA,NA,0,0,1,1,1,NA,NA,NA,NA,NA,NA,NA,NA,NA,NA,NA,NA
B78-0105041931_imp,100_imp,B78,05/01,04:19:31,00:59:00,20.84,20.88,1040.2,1243.3,203.1,0.961353585848875,-0.0394130023568351,400 (70%),High,5,3,5,Contact,NA,NA,NA,No CH contact,Blade contact,1,Center,3,11,Direct,NA,NA,NA,NA,19.44,22.32,20.78,20.98,20.48,20.78,20.98,21.28,19.44,20.48,21.28,22.32,199.512,199.512,25.227,160.61,5.043,141.207,20.86,20.86,20.78,21.08,20.24,21.34,53.972,555,555,5,553.6,11.5,268.3,20.8275,20.8275,20.7525,21.077,20.2205,21.4025,-0.02,Before nadir,83.5936006878061,199.512,20.86,1069.4,GV contact,160.61,21.08,1344.2,151.431,21.18,1303.2,122.975,21.27,1226.7,0,0,1,3,4,141.207,21.34,1317,101.564,21.64,1335.1,98.454,21.94,1430.5,99.048,22.1,1407
B78-0105043507_imp,100_imp,B78,05/01,04:35:07,00:59:00,23.23,23.33,985.9,1300.9,315,1.01430165331169,0.0142003494011414,400 (70%),Low,6,6,1,Contact,NA,NA,NA,No CH contact,Blade contact,2,Center,1,11,Direct,NA,NA,NA,NA,21.89,24.77,23.23,23.43,22.93,23.23,23.43,23.73,21.89,22.93,23.73,24.77,192.043,192.043,131.544,154.701,1.206,25.596,23.42,23.42,23.23,23.43,22.93,24.06,185.681,566,480.7,566,230.7,NA,5.9,23.216,23.364,23.216,23.5015,NA,24.0425,0.09,After nadir,129.151515781345,192.043,23.42,1346.9,GV contact,147.08,23.61,1377.1,NA,NA,NA,NA,NA,NA,0,0,1,1,0,NA,NA,NA,NA,NA,NA,NA,NA,NA,NA,NA,NA
B61-0716112326_imp,100_imp,B61,16/07,11:23:26,00:59:00,36.05,36.07,990.8,1149.3,158.5,1.00928542591845,0.00924258136693265,400 (100%),High,1,1,1,No contact,No hub rotation,Pressure force,Absolute tip,No CH contact,No blade contact,0,NA,NA,NA,NA,NA,NA,NA,NA,34.63,37.51,35.97,36.17,35.67,35.97,36.17,36.47,34.63,35.67,36.47,37.51,155.199,153.229,8.76,95.698,0.928,155.199,36.56,36.07,35.84,36.3,34.95,36.56,153.229,312,40.7,NA,312,4.1,160.9,36.4595,36.044,NA,36.4595,35.052,36.819,0,On nadir,50.2581956581165,153.229,36.07,990.8,No GV contact,155.199,36.56,1383.8,NA,NA,NA,NA,NA,NA,0,0,1,0,1,NA,NA,NA,NA,NA,NA,NA,NA,NA,NA,NA,NA
B61-0716132030_imp,100_imp,B61,16/07,13:20:30,00:59:00,28.93,28.95,1031.2,1163.1,131.9,0.969743987587277,-0.0307231726428407,400 (100%),Low,7,7,7,No contact,No hub rotation,Pressure force,Near tip,No CH contact,No blade contact,0,NA,NA,NA,NA,NA,NA,NA,NA,27.51,30.39,28.85,29.05,28.55,28.85,29.05,29.35,27.51,28.55,29.35,30.39,191.495,191.495,4.88,38.348,1.865,11.805,28.94,28.94,28.84,29.13,28.55,29.77,132.495,33.6,33.6,NA,7.1,NA,11.9,28.928,28.928,NA,29.124,NA,29.4505,-0.01,Before nadir,70.0584628102368,191.495,28.94,1107.6,No GV contact,NA,NA,NA,NA,NA,NA,NA,NA,NA,0,0,1,0,0,NA,NA,NA,NA,NA,NA,NA,NA,NA,NA,NA,NA
B61-0716141431_imp,100_imp,B61,16/07,14:14:31,01:00:00,24.89,24.91,1034,1102.9,68.9000000000001,0.967117988394584,-0.0334347760862373,400 (100%),High,1,2,2,No contact,No hub rotation,No pressure force,Center,No CH contact,No blade contact,0,NA,NA,NA,NA,NA,NA,NA,NA,23.47,26.35,24.81,25.01,24.51,24.81,25.01,25.31,23.47,24.51,25.31,26.35,180.521,74.427,11.952,180.521,1.71,78.568,25.22,24.97,24.7,25.22,24.05,25.83,37.084,220.4,10.6,10.5,24.1,13,220.4,25.7475,24.9545,24.658,25.202,24.01,25.7475,0.06,After nadir,29.2339905043688,180.521,25.22,1386,GV contact,NA,NA,NA,NA,NA,NA,NA,NA,NA,0,0,0,1,0,NA,NA,NA,NA,NA,NA,NA,NA,NA,NA,NA,NA
B61-0716150441_imp,100_imp,B61,16/07,15:04:41,00:59:00,25.6,26.56,1034,1149.6,115.6,0.967117988394584,-0.0334347760862373,400 (100%),Low,4,3,7,No contact,Hub rotation,Pressure force,Center hub,No CH contact,No blade contact,0,NA,NA,NA,NA,NA,NA,NA,NA,25.12,28,26.46,26.66,26.16,26.46,26.66,26.96,25.12,26.16,26.96,28,131.563,131.563,3.872,36.726,1.211,34.399,26.56,26.56,26.46,26.95,26.16,26.96,131.563,179.2,17.9,NA,6.9,3.6,179.2,27.1125,26.5385,NA,26.933,25.2545,27.1125,0,On nadir,45.7050118076052,131.563,26.56,1034,No GV contact,NA,NA,NA,NA,NA,NA,NA,NA,NA,0,0,1,0,0,NA,NA,NA,NA,NA,NA,NA,NA,NA,NA,NA,NA
B61-0716152814_imp,100_imp,B61,16/07,15:28:14,00:59:00,21.91,22.82,1067.4,1159.8,92.3999999999999,0.936855911560802,-0.0652257849177075,400 (100%),High,5,3,2,Contact,NA,NA,NA,No CH contact,Blade contact,1,Pressure side,1,NA,Indirect,NA,NA,NA,NA,21.38,24.26,22.72,22.92,22.42,22.72,22.92,23.22,21.38,22.42,23.22,24.26,172.162,138.108,2.02,172.162,1.904,93.882,22.94,22.9,22.47,22.94,22.41,23.39,42.715,118.7,118.7,NA,88.2,NA,11.8,22.8915,22.8915,NA,23.056,NA,23.363,0.08,After nadir,64.4745086581843,172.162,22.94,1305.3,GV contact,NA,NA,NA,NA,NA,NA,NA,NA,NA,0,0,0,1,0,NA,NA,NA,NA,NA,NA,NA,NA,NA,NA,NA,NA
B61-0716164322_imp,100_imp,B61,16/07,16:43:22,01:00:00,25.81,25.83,1054.3,1161.1,106.8,0.948496632836954,-0.0528770396007668,400 (100%),High,7,7,7,No contact,No hub rotation,Pressure force,Center,No CH contact,No blade contact,0,NA,NA,NA,NA,NA,NA,NA,NA,24.39,27.27,25.73,25.93,25.43,25.73,25.93,26.23,24.39,25.43,26.23,27.27,160.743,160.743,4.853,33.07,1.906,74.607,25.84,25.84,25.73,26.19,25.07,26.38,108.142,57.3,42.4,NA,7.5,NA,57.3,26.325,25.8145,NA,26.2285,NA,26.325,0.01,After nadir,54.6461002930501,160.743,25.84,1074.3,No GV contact,NA,NA,NA,NA,NA,NA,NA,NA,NA,0,0,1,0,0,NA,NA,NA,NA,NA,NA,NA,NA,NA,NA,NA,NA
B61-0717094833_imp,100_imp,B61,17/07,09:48:33,00:59:00,26.6,26.61,865.1,1250.3,385.2,1.15593572997341,0.144910171795808,400 (100%),Low,2,1,6,Contact,NA,NA,NA,No CH contact,Blade contact,1,Near tip,6,13,Direct,NA,NA,NA,NA,25.17,28.05,26.51,26.71,26.21,26.51,26.71,27.01,25.17,26.21,27.01,28.05,207.132,207.132,3.833,165.696,0.581,33.033,26.62,26.62,26.35,26.72,26.21,27.86,119.748,641.5,641.5,NA,252.6,NA,86,26.589,26.589,NA,26.8695,NA,27.2435,0.01,After nadir,87.3627347407403,207.132,26.62,980.9,GV contact,165.696,26.72,1365.3,NA,NA,NA,NA,NA,NA,0,0,1,1,0,NA,NA,NA,NA,NA,NA,NA,NA,NA,NA,NA,NA
B61-0717102503_imp,100_imp,B61,17/07,10:25:03,01:00:00,23.44,23.45,893.7,1184,290.3,1.11894371713103,0.112385130594791,400 (100%),High,7,7,7,Contact,NA,NA,NA,No CH contact,Blade contact,1,Near tip,1,13,Direct,NA,NA,NA,NA,22.01,24.89,23.35,23.55,23.05,23.35,23.55,23.85,22.01,23.05,23.85,24.89,206.412,206.412,4.815,61.593,2.193,78.373,23.46,23.46,23.35,23.55,22.76,24.14,51.386,526.5,526.5,NA,8.9,NA,237.8,23.4305,23.4305,NA,23.687,NA,24.083,0.01,After nadir,65.655914538274,206.412,23.46,1016.2,No GV contact,NA,NA,NA,NA,NA,NA,NA,NA,NA,0,0,1,0,0,NA,NA,NA,NA,NA,NA,NA,NA,NA,NA,NA,NA
B61-0717111652_imp,100_imp,B61,17/07,11:16:52,00:59:00,30.43,30.45,1009.8,1155.4,145.6,0.990295107942167,-0.00975229144267824,400 (100%),Low,5,5,4,No contact,No hub rotation,Pressure force,Near hub,No CH contact,No blade contact,0,NA,NA,NA,NA,NA,NA,NA,NA,29.01,31.89,30.35,30.55,30.05,30.35,30.55,30.85,29.01,30.05,30.85,31.89,155.812,155.812,3.898,53.291,0.454,101.957,30.45,30.45,30.23,30.75,29.49,31.15,155.812,145.4,26.5,NA,8.8,NA,145.4,31.2545,30.425,NA,30.719,NA,31.2545,0,On nadir,58.5431465188995,155.812,30.45,1009.8,No GV contact,101.957,31.15,1367.6,NA,NA,NA,NA,NA,NA,0,0,1,0,1,NA,NA,NA,NA,NA,NA,NA,NA,NA,NA,NA,NA
B62-0716153057_imp,100_imp,B62,16/07,15:30:57,00:59:00,32.84,32.85,945.2,1159.5,214.3,1.05797714769361,0.0563587336693842,400 (100%),Low,2,3,1,No contact,No hub rotation,Pressure force,Absolute tip,No CH contact,No blade contact,0,NA,NA,NA,NA,NA,NA,NA,NA,31.41,34.29,32.75,32.95,32.45,32.75,32.95,33.25,31.41,32.45,33.25,34.29,130.505,116.399,11.032,130.505,0.427,46.677,33.14,32.86,32.61,33.14,31.78,33.3,46.482,435,98.7,11,435,NA,7.9,33.1405,32.8645,32.55,33.1405,NA,33.2855,0.01,After nadir,42.0421752116111,116.399,32.86,954.7,GV contact,130.505,33.14,1320.8,NA,NA,NA,NA,NA,NA,0,0,1,1,0,NA,NA,NA,NA,NA,NA,NA,NA,NA,NA,NA,NA
B63-0101005446_imp,100_imp,B63,01/01,00:54:46,00:59:00,36.25,36.26,978.7,1218.1,239.4,1.02176356391131,0.0215301185503633,400 (100%),Low,4,5,2,Contact,NA,NA,NA,CH contact,No blade contact,1,Center hub,5,NA,Indirect,NA,NA,NA,NA,34.82,37.7,36.16,36.36,35.86,36.16,36.36,36.66,34.82,35.86,36.66,37.7,175.851,175.851,6.094,39.329,1.614,21.389,36.26,36.26,36.15,36.56,35.86,36.93,175.851,506,506,NA,399.7,NA,37.8,36.2405,36.2405,NA,36.3645,NA,37.2775,0,On nadir,76.2753965421791,175.851,36.26,978.7,No GV contact,NA,NA,NA,NA,NA,NA,NA,NA,NA,0,0,1,0,0,NA,NA,NA,NA,NA,NA,NA,NA,NA,NA,NA,NA
B63-0101014350_imp,100_imp,B63,01/01,01:43:50,00:59:00,23.4,23.42,1026.5,1112.6,86.0999999999999,0.974184120798831,-0.0261549574768512,400 (100%),High,1,1,1,No contact,No hub rotation,Pressure force,Center,No CH contact,No blade contact,0,NA,NA,NA,NA,NA,NA,NA,NA,21.98,24.86,23.32,23.52,23.02,23.32,23.52,23.82,21.98,23.02,23.82,24.86,74.919,50.351,21.02,74.919,0.754,51.729,23.73,23.49,23.23,23.73,22.29,24.34,49.224,132.1,132.1,43.2,44.8,NA,63.7,23.4755,23.4755,23.1575,23.5225,NA,24.3175,0.07,After nadir,27.3533957385289,NA,NA,NA,No GV contact,NA,NA,NA,NA,NA,NA,NA,NA,NA,0,0,0,0,0,NA,NA,NA,NA,NA,NA,NA,NA,NA,NA,NA,NA
B63-0101023149_imp,100_imp,B63,01/01,02:31:49,01:00:00,24.67,25.53,1082.5,1145.7,63.2,0.92378752886836,-0.0792731808945079,400 (100%),Low,6,6,7,No contact,No hub rotation,Pressure force,Near hub,No CH contact,No blade contact,0,NA,NA,NA,NA,NA,NA,NA,NA,24.09,26.97,25.43,25.63,25.13,25.43,25.63,25.93,24.09,25.13,25.93,26.97,74.761,66.577,2.476,74.761,0.645,32.522,25.79,25.53,25.29,25.79,24.17,26.48,66.577,168.7,10.3,NA,86.8,NA,168.7,26.7705,25.499,NA,25.9105,NA,26.7705,0,On nadir,30.971585380797,NA,NA,NA,No GV contact,NA,NA,NA,NA,NA,NA,NA,NA,NA,0,0,0,0,0,NA,NA,NA,NA,NA,NA,NA,NA,NA,NA,NA,NA
B63-0101030528_imp,100_imp,B63,01/01,03:05:28,00:59:00,23.44,23.46,886.1,1196.4,310.3,1.1285407967498,0.12092546792888,400 (100%),High,7,6,2,Contact,NA,NA,NA,No CH contact,Blade contact,1,Center,2,11,Direct,NA,NA,NA,NA,22.02,24.9,23.36,23.56,23.06,23.36,23.56,23.86,22.02,23.06,23.86,24.9,147.663,147.663,7.614,95.136,5.331,11.777,23.45,23.45,23.36,23.57,22.07,24.76,15.879,579.2,579.2,3.7,8.2,13.4,31.8,23.4505,23.4505,23.0885,23.57,22.128,24.0895,-0.01,Before nadir,73.3248167977839,147.663,23.45,1168.7,No GV contact,146.117,23.51,1111.4,NA,NA,NA,NA,NA,NA,0,0,2,0,0,NA,NA,NA,NA,NA,NA,NA,NA,NA,NA,NA,NA
B63-0101034413_imp,100_imp,B63,01/01,03:44:13,00:59:00,24.51,24.52,1039.8,1142.4,102.6,0.961723408347759,-0.0390283869674783,400 (100%),Low,2,2,6,No contact,Hub rotation,No pressure force,Near tip,No CH contact,No blade contact,0,NA,NA,NA,NA,NA,NA,NA,NA,23.08,25.96,24.42,24.62,24.12,24.42,24.62,24.92,23.08,24.12,24.92,25.96,103.542,87.352,25.91,103.542,0.288,89.226,24.77,24.51,24.3,24.77,24.12,24.93,16.19,567.1,567.1,50.9,39.8,4.2,104.9,24.4925,24.4925,24.3725,24.916,24.103,25.119,-0.01,Before nadir,28.4021779404662,103.542,24.77,1416.5,GV contact,NA,NA,NA,NA,NA,NA,NA,NA,NA,0,0,0,1,0,NA,NA,NA,NA,NA,NA,NA,NA,NA,NA,NA,NA
B63-0101042001_imp,100_imp,B63,01/01,04:20:01,00:59:00,24.99,25.92,1043,1161.6,118.6,0.958772770853308,-0.0421011760186353,400 (100%),High,5,3,7,No contact,No hub rotation,Pressure force,Center hub,No CH contact,No blade contact,0,NA,NA,NA,NA,NA,NA,NA,NA,24.48,27.36,25.82,26.02,25.52,25.82,26.02,26.32,24.48,25.52,26.32,27.36,85.492,59.331,1.895,85.492,0.562,55.784,26.15,25.93,25.77,26.15,25.3,26.4,52.391,114.2,NA,NA,10.9,NA,114.2,26.958,NA,NA,26.132,NA,26.958,0.01,After nadir,27.4739887919985,NA,NA,NA,No GV contact,NA,NA,NA,NA,NA,NA,NA,NA,NA,0,0,0,0,0,NA,NA,NA,NA,NA,NA,NA,NA,NA,NA,NA,NA
B63-0717111035_imp,100_imp,B63,17/07,11:10:35,00:59:00,21.17,22.12,1092.8,1163.6,70.8,0.915080527086384,-0.0887432098343885,400 (100%),Low,7,7,2,No contact,Hub rotation,No pressure force,Near tip,No CH contact,No blade contact,0,NA,NA,NA,NA,NA,NA,NA,NA,20.68,23.56,22.02,22.22,21.72,22.02,22.22,22.52,20.68,21.72,22.52,23.56,81.623,81.623,1.582,49.369,0.642,34.455,22.18,22.18,21.82,22.24,21.72,22.75,35.916,62.7,10.5,NA,8.1,NA,62.7,22.9685,22.166,NA,22.3585,NA,22.9685,0.06,After nadir,36.6965482689741,NA,NA,NA,No GV contact,NA,NA,NA,NA,NA,NA,NA,NA,NA,0,0,0,0,0,NA,NA,NA,NA,NA,NA,NA,NA,NA,NA,NA,NA
B64-0716133843_imp,100_imp,B64,16/07,13:38:43,00:59:00,28.88,28.89,817.4,1227.6,410.2,1.22339124051872,0.20162670785196,400 (100%),High,1,1,6,Contact,NA,NA,NA,No CH contact,Blade contact,1,Near tip,5,13,Direct,NA,NA,NA,NA,27.45,30.33,28.79,28.99,28.49,28.79,28.99,29.29,27.45,28.49,29.29,30.33,170.314,170.314,7.149,123.162,1.282,54.686,28.9,28.9,28.66,29.15,27.84,29.42,150.35,493.5,493.5,NA,308,NA,175.3,28.8665,28.8665,NA,29.1945,NA,29.6095,0.01,After nadir,61.8077997940466,170.314,28.9,954.6,GV contact,123.162,29.15,1402,NA,NA,NA,NA,NA,NA,0,0,1,1,0,NA,NA,NA,NA,NA,NA,NA,NA,NA,NA,NA,NA
B64-0716151334_imp,100_imp,B64,16/07,15:13:34,00:59:00,31.76,32.72,1025.4,1146,120.6,0.975229178857031,-0.0250827803674632,400 (100%),Low,4,3,7,No contact,No hub rotation,Pressure force,Near hub,No CH contact,No blade contact,0,NA,NA,NA,NA,NA,NA,NA,NA,31.28,34.16,32.62,32.82,32.32,32.62,32.82,33.12,31.28,32.32,33.12,34.16,160.834,160.834,7.471,86.777,0.746,56.719,32.72,32.72,32.62,33.09,32.32,33.14,160.834,275,275,NA,63.7,3.7,126.9,32.7205,32.7205,NA,32.8805,31.2845,33.349,0,On nadir,69.9351985861606,160.834,32.72,1025.4,No GV contact,NA,NA,NA,NA,NA,NA,NA,NA,NA,0,0,1,0,0,NA,NA,NA,NA,NA,NA,NA,NA,NA,NA,NA,NA
B64-0716161049_imp,100_imp,B64,16/07,16:10:49,00:59:00,30.34,31.14,1068.5,1166.5,98,0.935891436593355,-0.0662557957770653,400 (100%),High,7,6,7,No contact,No hub rotation,Pressure force,Center,No CH contact,No blade contact,0,NA,NA,NA,NA,NA,NA,NA,NA,29.7,32.58,31.04,31.24,30.74,31.04,31.24,31.54,29.7,30.74,31.54,32.58,71.915,59.225,3.081,61.065,2.367,71.915,31.78,31.2,30.85,31.46,30.74,31.78,58.562,118,10.2,NA,9.8,NA,118,32.1805,31.1145,NA,31.483,NA,32.1805,0.06,After nadir,29.3462508289268,NA,NA,NA,No GV contact,NA,NA,NA,NA,NA,NA,NA,NA,NA,0,0,0,0,0,NA,NA,NA,NA,NA,NA,NA,NA,NA,NA,NA,NA
B64-0716165138_imp,100_imp,B64,16/07,16:51:38,01:00:00,26.55,27.4,1075.2,1160.9,85.7,0.930059523809524,-0.0725066907867481,400 (100%),Low,7,7,5,No contact,No hub rotation,Pressure force,Absolute tip,No CH contact,No blade contact,0,NA,NA,NA,NA,NA,NA,NA,NA,25.96,28.84,27.3,27.5,27,27.3,27.5,27.8,25.96,27,27.8,28.84,83.147,62.984,3.444,83.147,1.461,43.856,27.75,27.47,27.14,27.75,26.63,28.08,39.482,517,NA,NA,517,4,43.6,27.7125,NA,NA,27.7125,26.2285,28.1675,0.07,After nadir,29.3951627677558,NA,NA,NA,No GV contact,NA,NA,NA,NA,NA,NA,NA,NA,NA,0,0,0,0,0,NA,NA,NA,NA,NA,NA,NA,NA,NA,NA,NA,NA
B64-0716171843_imp,100_imp,B64,16/07,17:18:43,00:59:00,30.93,30.95,800.1,1179.8,379.7,1.24984376952881,0.223018559126059,400 (100%),High,6,7,2,Contact,NA,NA,NA,No CH contact,Blade contact,1,Near tip,2,13,Direct,NA,NA,NA,NA,29.51,32.39,30.85,31.05,30.55,30.85,31.05,31.35,29.51,30.55,31.35,32.39,176.578,176.578,7.265,156.983,1.361,49.664,30.96,30.96,30.85,31.31,30.55,31.41,124.948,541.8,541.8,NA,84.1,NA,42.5,30.929,30.929,NA,31.0985,NA,31.366,0.01,After nadir,76.3474512067162,176.578,30.96,929.4,GV contact,156.983,31.31,1309.9,NA,NA,NA,NA,NA,NA,0,0,1,1,0,NA,NA,NA,NA,NA,NA,NA,NA,NA,NA,NA,NA
B64-0716180551_imp,100_imp,B64,16/07,18:05:51,00:59:00,28.47,28.5,1040.6,1146.7,106.1,0.960984047664809,-0.039797469874066,400 (100%),Low,5,5,3,No contact,No hub rotation,Pressure force,Near hub,No CH contact,No blade contact,0,NA,NA,NA,NA,NA,NA,NA,NA,27.06,29.94,28.4,28.6,28.1,28.4,28.6,28.9,27.06,28.1,28.9,29.94,131.01,131.01,2.208,31.29,1.127,41.434,28.49,28.49,28.37,28.63,27.11,29.07,93.688,314.8,19.5,NA,190.8,NA,314.8,29.112,28.4715,NA,28.618,NA,29.112,-0.01,Before nadir,50.7286551711771,131.01,28.49,1071.6,No GV contact,NA,NA,NA,NA,NA,NA,NA,NA,NA,0,0,1,0,0,NA,NA,NA,NA,NA,NA,NA,NA,NA,NA,NA,NA
B64-0716190017_imp,100_imp,B64,16/07,19:00:17,00:59:00,23.3,23.31,947,1193.9,246.9,1.05596620908131,0.0544561857960588,400 (100%),High,7,7,5,Contact,NA,NA,NA,No CH contact,Blade contact,1,Absolute tip,4,14,Direct,NA,NA,NA,NA,21.87,24.75,23.21,23.41,22.91,23.21,23.41,23.71,21.87,22.91,23.71,24.75,156.681,156.681,2.153,53.985,1.963,13.734,23.35,23.35,23.02,23.41,22.83,24.09,110.495,551.3,551.3,NA,252,NA,5.4,23.293,23.293,NA,23.636,NA,24.137,0.04,After nadir,80.1214685045983,156.681,23.35,1065.9,No GV contact,NA,NA,NA,NA,NA,NA,NA,NA,NA,0,0,1,0,0,NA,NA,NA,NA,NA,NA,NA,NA,NA,NA,NA,NA
B64-0717120236_imp,100_imp,B64,17/07,12:02:36,00:59:00,34.35,34.39,1087.7,1157.6,69.8999999999999,0.919371150133309,-0.0840653751176676,400 (100%),Low,6,6,6,No contact,No hub rotation,Pressure force,Center,No CH contact,No blade contact,0,NA,NA,NA,NA,NA,NA,NA,NA,32.95,35.83,34.29,34.49,33.99,34.29,34.49,34.79,32.95,33.99,34.79,35.83,142.02,105.697,5.719,142.02,1.455,73.052,34.55,34.37,34.27,34.55,33.99,34.89,87.398,360.6,15.6,NA,360.6,NA,206.7,34.6065,34.3495,NA,34.6065,NA,35.0995,-0.02,Before nadir,60.9513535417502,105.697,34.37,1123.5,GV contact,142.02,34.55,1343.1,NA,NA,NA,NA,NA,NA,0,0,1,1,0,NA,NA,NA,NA,NA,NA,NA,NA,NA,NA,NA,NA
B64-0717123232_imp,100_imp,B64,17/07,12:32:32,00:59:00,35.32,36.26,1045.3,1186.4,141.1,0.956663158901751,-0.0443039255565244,400 (100%),High,6,6,7,No contact,No hub rotation,Pressure force,Center,No CH contact,No blade contact,0,NA,NA,NA,NA,NA,NA,NA,NA,34.82,37.7,36.16,36.36,35.86,36.16,36.36,36.66,34.82,35.86,36.66,37.7,154.837,154.837,5.492,64.479,8.553,20.126,36.27,36.27,36.16,36.46,35.03,37.07,136.392,76.3,46,4.4,9.2,21.3,76.3,37.0285,36.2425,35.9195,36.4395,35.0075,37.0285,0.01,After nadir,62.8923202049495,154.837,36.27,1071.4,No GV contact,NA,NA,NA,NA,NA,NA,NA,NA,NA,0,0,1,0,0,NA,NA,NA,NA,NA,NA,NA,NA,NA,NA,NA,NA
B64-0717132327_imp,100_imp,B64,17/07,13:23:27,00:59:00,25,25.04,995.3,1224.1,228.8,1.00472219431327,0.00471107973011928,400 (100%),Low,7,7,7,Contact,NA,NA,NA,No CH contact,Blade contact,1,Absolute tip,4,14,Direct,NA,NA,NA,NA,23.6,26.48,24.94,25.14,24.64,24.94,25.14,25.44,23.6,24.64,25.44,26.48,188.366,188.366,10.711,94.975,1.925,53.133,25.03,25.03,24.94,25.14,24.64,25.44,178.136,568.9,568.9,39.3,8.3,5.5,153.3,24.992,24.992,24.922,25.1805,23.962,25.451,-0.01,Before nadir,101.793088304752,188.366,25.03,1032.8,No GV contact,117.775,25.13,1388.3,NA,NA,NA,NA,NA,NA,0,0,2,0,0,NA,NA,NA,NA,NA,NA,NA,NA,NA,NA,NA,NA
B65-0716132835_imp,100_imp,B65,16/07,13:28:35,00:59:00,30.77,30.9,967.5,1136.5,169,1.03359173126615,0.0330398540782001,400 (100%),High,2,2,1,Contact,NA,NA,NA,No CH contact,Blade contact,1,Absolute tip,4,14,Direct,NA,NA,NA,NA,29.46,32.34,30.8,31,30.5,30.8,31,31.3,29.46,30.5,31.3,32.34,211.015,211.015,127.245,96.631,2.591,58.806,30.81,30.81,30.8,31.1,30.25,31.3,115.796,568.4,406.3,568.4,16.4,NA,192.6,30.7675,30.863,30.7675,31.1825,NA,31.801,-0.09,Before nadir,134.694498344004,211.015,30.81,984.8,No GV contact,NA,NA,NA,NA,NA,NA,NA,NA,NA,0,0,1,0,0,NA,NA,NA,NA,NA,NA,NA,NA,NA,NA,NA,NA
B65-0716152854_imp,100_imp,B65,16/07,15:28:54,00:59:00,48.02,48.03,808.5,1167.5,359,1.23685837971552,0.212574599964976,400 (100%),Low,6,5,6,Contact,NA,NA,NA,No CH contact,Blade contact,1,Center,3,11,Indirect,NA,NA,NA,NA,46.59,49.47,47.93,48.13,47.63,47.93,48.13,48.43,46.59,47.63,48.43,49.47,135.686,135.686,3.168,79.271,1.448,44.501,48.03,48.03,47.88,48.13,47.63,48.45,135.686,447.6,447.6,NA,31.9,NA,63.7,48.014,48.014,NA,48.273,NA,48.504,0,On nadir,58.8353139206621,135.686,48.03,808.5,No GV contact,NA,NA,NA,NA,NA,NA,NA,NA,NA,0,0,1,0,0,NA,NA,NA,NA,NA,NA,NA,NA,NA,NA,NA,NA
B65-0716160219_imp,100_imp,B65,16/07,16:02:19,00:59:00,35.09,35.11,964.7,1187.1,222.4,1.03659168653467,0.0359381068056292,400 (100%),High,6,7,7,No contact,No hub rotation,Pressure force,Near tip,No CH contact,No blade contact,0,NA,NA,NA,NA,NA,NA,NA,NA,33.67,36.55,35.01,35.21,34.71,35.01,35.21,35.51,33.67,34.71,35.51,36.55,149.894,149.894,5.859,97.527,1.008,80.938,35.11,35.11,35.01,35.33,33.67,35.61,149.894,548.3,50.9,NA,548.3,NA,49,35.3535,35.1075,NA,35.3535,NA,36.126,0,On nadir,58.4072727960841,149.894,35.11,964.7,No GV contact,NA,NA,NA,NA,NA,NA,NA,NA,NA,0,0,1,0,0,NA,NA,NA,NA,NA,NA,NA,NA,NA,NA,NA,NA
B65-0716165935_imp,100_imp,B65,16/07,16:59:35,00:59:00,22.16,22.97,1100.1,1171.9,71.8000000000002,0.909008271975275,-0.0954010847632529,400 (100%),Low,6,6,3,No contact,Hub rotation,Pressure force,Near hub,No CH contact,No blade contact,0,NA,NA,NA,NA,NA,NA,NA,NA,21.53,24.41,22.87,23.07,22.57,22.87,23.07,23.37,21.53,22.57,23.37,24.41,105.497,105.497,1.757,103.395,0.842,104.015,23.04,23.04,22.87,23.21,22.57,23.42,26.454,444.7,21.9,NA,263.3,NA,444.7,23.4985,23.03,NA,23.1965,NA,23.4985,0.07,After nadir,36.8506320873617,105.497,23.04,1331.4,GV contact,103.395,23.21,1266.1,104.015,23.42,1311.8,NA,NA,NA,0,0,1,1,1,NA,NA,NA,NA,NA,NA,NA,NA,NA,NA,NA,NA
B65-0716173841_imp,100_imp,B65,16/07,17:38:41,00:59:00,21.93,22.89,1090.1,1144.8,54.7,0.91734703238235,-0.0862694351521758,400 (100%),High,5,5,7,No contact,Hub rotation,Pressure force,Center,No CH contact,No blade contact,0,NA,NA,NA,NA,NA,NA,NA,NA,21.45,24.33,22.79,22.99,22.49,22.79,22.99,23.29,21.45,22.49,23.29,24.33,74.91,74.91,2.587,39.785,0.397,63.343,22.96,22.96,22.73,23.04,22.42,23.38,17.809,404.2,404.2,NA,7.1,NA,9.6,22.9385,22.9385,NA,23.0215,NA,23.353,0.07,After nadir,27.4481735570702,NA,NA,NA,No GV contact,NA,NA,NA,NA,NA,NA,NA,NA,NA,0,0,0,0,0,NA,NA,NA,NA,NA,NA,NA,NA,NA,NA,NA,NA
B65-0716180839_imp,100_imp,B65,16/07,18:08:39,00:59:00,25.79,25.81,973.1,1193.4,220.3,1.02764361319494,0.0272684271541938,400 (100%),Low,1,1,6,Contact,NA,NA,NA,No CH contact,Blade contact,1,Absolute tip,4,14,Direct,NA,NA,NA,NA,24.37,27.25,25.71,25.91,25.41,25.71,25.91,26.21,24.37,25.41,26.21,27.25,171.241,171.241,24.9,117.819,0.734,32.034,25.81,25.81,25.54,25.91,24.6,26.4,171.241,599.3,599.3,48.6,583.2,8,27.7,25.7625,25.7625,25.55,25.9125,24.554,26.334,0,On nadir,91.0586742401895,171.241,25.81,973.1,No GV contact,126.317,25.9,1271.8,NA,NA,NA,NA,NA,NA,0,0,2,0,0,NA,NA,NA,NA,NA,NA,NA,NA,NA,NA,NA,NA
B65-0716183453_imp,100_imp,B65,16/07,18:34:53,01:00:00,24.22,25.18,1067.2,1148.2,81,0.937031484257871,-0.0650383961792223,400 (100%),High,4,3,2,No contact,No hub rotation,No pressure force,Center hub,No CH contact,No blade contact,0,NA,NA,NA,NA,NA,NA,NA,NA,23.74,26.62,25.08,25.28,24.78,25.08,25.28,25.58,23.74,24.78,25.58,26.62,177.024,75.293,2.109,177.024,0.932,74.046,25.4,25.24,24.88,25.4,23.93,26.11,54.5,456.4,10.8,NA,248.8,NA,456.4,26.373,25.223,NA,25.383,NA,26.373,0.06,After nadir,42.5377457929173,177.024,25.4,1247.5,GV contact,NA,NA,NA,NA,NA,NA,NA,NA,NA,0,0,0,1,0,NA,NA,NA,NA,NA,NA,NA,NA,NA,NA,NA,NA
B67-0716152748_imp,100_imp,B67,16/07,15:27:48,00:59:00,24.74,25.46,1077.9,1137.9,60,0.927729845069116,-0.0750147038054457,400 (100%),Low,4,5,1,Contact,NA,NA,NA,No CH contact,Blade contact,1,Near hub,1,10,Indirect,NA,NA,NA,NA,24.02,26.9,25.36,25.56,25.06,25.36,25.56,25.86,24.02,25.06,25.86,26.9,119.601,119.601,1.718,63.144,0.743,8.731,25.54,25.54,25.21,25.57,24.56,26.47,24.437,567.8,567.8,NA,8.7,NA,47,25.504,25.504,NA,25.569,NA,26.8375,0.08,After nadir,50.9124451377535,119.601,25.54,1304.1,No GV contact,NA,NA,NA,NA,NA,NA,NA,NA,NA,0,0,1,0,0,NA,NA,NA,NA,NA,NA,NA,NA,NA,NA,NA,NA
B67-0716170117_imp,100_imp,B67,16/07,17:01:17,00:59:00,24.1,25.05,1106.7,1173,66.3,0.903587241348152,-0.101382614288603,400 (100%),Low,7,6,1,No contact,Hub rotation,No pressure force,Near hub,No CH contact,No blade contact,0,NA,NA,NA,NA,NA,NA,NA,NA,23.61,26.49,24.95,25.15,24.65,24.95,25.15,25.45,23.61,24.65,25.45,26.49,161.565,109.417,3.12,161.565,1.685,97.526,25.25,25.15,24.93,25.25,24.65,26.24,32.751,289.2,14.3,NA,22.6,NA,289.2,26.1475,25.1215,NA,25.2265,NA,26.1475,0.1,After nadir,56.4663929257715,109.417,25.15,1311,GV contact,161.565,25.25,1274.7,NA,NA,NA,NA,NA,NA,0,0,0,2,0,NA,NA,NA,NA,NA,NA,NA,NA,NA,NA,NA,NA
B67-0716172919_imp,100_imp,B67,16/07,17:29:19,00:59:00,24.33,25.28,1061.9,1143.7,81.8,0.941708258781429,-0.060059756427663,400 (100%),High,4,4,7,No contact,Hub rotation,Pressure force,Center hub,No CH contact,No blade contact,0,NA,NA,NA,NA,NA,NA,NA,NA,23.84,26.72,25.18,25.38,24.88,25.18,25.38,25.68,23.84,24.88,25.68,26.72,133.878,68.652,1.416,133.878,1.594,43.574,25.57,25.28,25.05,25.57,24.37,25.68,68.652,364.8,10.5,NA,364.8,NA,5.7,25.5905,25.262,NA,25.5905,NA,25.685,0,On nadir,35.6164811488807,133.878,25.57,1378.6,GV contact,NA,NA,NA,NA,NA,NA,NA,NA,NA,0,0,0,1,0,NA,NA,NA,NA,NA,NA,NA,NA,NA,NA,NA,NA
B67-0716181841_imp,100_imp,B67,16/07,18:18:41,00:59:00,23.43,23.45,1034.2,1114.8,80.5999999999999,0.966930961129375,-0.0336281809799841,400 (100%),Low,2,2,6,No contact,Hub rotation,No pressure force,Center,No CH contact,No blade contact,0,NA,NA,NA,NA,NA,NA,NA,NA,22.01,24.89,23.35,23.55,23.05,23.35,23.55,23.85,22.01,23.05,23.85,24.89,174.165,65.406,4.127,174.165,0.255,45.122,23.74,23.51,23.22,23.74,22.02,23.93,54.41,76.4,11,NA,22.3,NA,76.4,24.3005,23.495,NA,23.7125,NA,24.3005,0.06,After nadir,32.5158789084729,174.165,23.74,1409.3,GV contact,NA,NA,NA,NA,NA,NA,NA,NA,NA,0,0,0,1,0,NA,NA,NA,NA,NA,NA,NA,NA,NA,NA,NA,NA
B67-0716183814_imp,100_imp,B67,16/07,18:38:14,00:59:00,24.5,24.92,1081.2,1153.5,72.3,0.92489826119126906,-0.0780715354201555,400 (100%),High,7,7,5,No contact,No hub rotation,Pressure force,Near tip,No CH contact,No blade contact,0,NA,NA,NA,NA,NA,NA,NA,NA,23.48,26.36,24.82,25.02,24.52,24.82,25.02,25.32,23.48,24.52,25.32,26.36,56.119,56.119,4.493,30.091,3.28,17.928,24.97,24.97,24.63,25.25,24.52,25.65,49.627,261.3,NA,NA,261.3,NA,100.9,25.2475,NA,NA,25.2475,NA,25.693,0.05,After nadir,30.7199805927518,NA,NA,NA,No GV contact,NA,NA,NA,NA,NA,NA,NA,NA,NA,0,0,0,0,0,NA,NA,NA,NA,NA,NA,NA,NA,NA,NA,NA,NA
B67-0717115729_imp,100_imp,B67,17/07,11:57:29,00:59:00,30.89,30.91,1056.9,1118.7,61.8,0.946163307786924,-0.0553400950331647,400 (100%),Low,5,5,2,No contact,No hub rotation,No pressure force,Near tip,No CH contact,No blade contact,0,NA,NA,NA,NA,NA,NA,NA,NA,29.47,32.35,30.81,31.01,30.51,30.81,31.01,31.31,29.47,30.51,31.31,32.35,81.471,76.331,11.497,81.471,0.692,73.474,31.17,30.97,30.75,31.17,29.47,31.47,21.65,199.3,117.3,NA,11.3,NA,199.3,31.946,30.9845,NA,31.1545,NA,31.946,0.06,After nadir,28.2305704343291,NA,NA,NA,No GV contact,NA,NA,NA,NA,NA,NA,NA,NA,NA,0,0,0,0,0,NA,NA,NA,NA,NA,NA,NA,NA,NA,NA,NA,NA
B67-0717124104_imp,100_imp,B67,17/07,12:41:04,00:59:00,21.54,22.44,1044.4,1100.5,56.0999999999999,0.957487552661815,-0.0434425578428368,400 (100%),High,1,1,2,Contact,NA,NA,NA,No CH contact,Blade contact,1,Center,2,11,Direct,NA,NA,NA,NA,21,23.88,22.34,22.54,22.04,22.34,22.54,22.84,21,22.04,22.84,23.88,154.54,151.074,9.322,154.54,0.076,87.141,22.6,22.54,22.25,22.6,21.26,22.93,20.15,254.9,225.2,NA,18.8,NA,254.9,23.5525,22.4995,NA,22.5765,NA,23.5525,0.1,After nadir,53.1643614333799,154.54,22.6,1317.4,GV contact,NA,NA,NA,NA,NA,NA,NA,NA,NA,0,0,0,1,0,NA,NA,NA,NA,NA,NA,NA,NA,NA,NA,NA,NA
B67-0717131322_imp,100_imp,B67,17/07,13:13:22,01:00:00,22.63,23.54,1042.2,1106.9,64.7,0.959508731529457,-0.0413338634929772,400 (100%),Low,1,1,1,No contact,No hub rotation,No pressure force,Center,No CH contact,No blade contact,0,NA,NA,NA,NA,NA,NA,NA,NA,22.1,24.98,23.44,23.64,23.14,23.44,23.64,23.94,22.1,23.14,23.94,24.98,161.61,59.529,14.232,161.61,0.876,32.78,23.8,23.61,23.36,23.8,22.44,24.36,26.303,261,8.6,47.9,261,NA,107.4,23.812,23.5945,23.4215,23.812,NA,24.5345,0.07,After nadir,21.8927627691588,161.61,23.8,1385.7,GV contact,NA,NA,NA,NA,NA,NA,NA,NA,NA,0,0,0,1,0,NA,NA,NA,NA,NA,NA,NA,NA,NA,NA,NA,NA
B68-0716134028_imp,100_imp,B68,16/07,13:40:28,00:59:00,31.24,31.26,1031.8,1141.4,109.6,0.969180073657686,-0.0313048498284124,400 (100%),High,2,2,7,No contact,Hub rotation,Pressure force,Center,No CH contact,No blade contact,0,NA,NA,NA,NA,NA,NA,NA,NA,29.82,32.7,31.16,31.36,30.86,31.16,31.36,31.66,29.82,30.86,31.66,32.7,107.398,107.398,4.192,54.077,0.159,86.794,31.26,31.26,31.05,31.52,30.57,31.83,107.398,200.5,15.9,NA,7.7,NA,200.5,31.8195,31.2375,NA,31.4975,NA,31.8195,0,On nadir,44.1220468344018,107.398,31.26,1031.8,No GV contact,NA,NA,NA,NA,NA,NA,NA,NA,NA,0,0,1,0,0,NA,NA,NA,NA,NA,NA,NA,NA,NA,NA,NA,NA
B68-0716151507_imp,100_imp,B68,16/07,15:15:07,00:59:00,44.18,44.86,1086.2,1177.2,91,0.920640765973117,-0.0826853666186079,400 (100%),Low,7,7,6,No contact,No hub rotation,Pressure force,Near tip,No CH contact,No blade contact,0,NA,NA,NA,NA,NA,NA,NA,NA,43.42,46.3,44.76,44.96,44.46,44.76,44.96,45.26,43.42,44.46,45.26,46.3,83.747,67.015,3.066,83.747,1.507,74.807,45.24,44.93,44.57,45.24,44.46,45.48,66.338,394.2,NA,NA,12.5,NA,394.2,45.3335,NA,NA,45.065,NA,45.3335,0.07,After nadir,37.6565536008706,NA,NA,NA,No GV contact,NA,NA,NA,NA,NA,NA,NA,NA,NA,0,0,0,0,0,NA,NA,NA,NA,NA,NA,NA,NA,NA,NA,NA,NA
B68-0716161555_imp,100_imp,B68,16/07,16:15:55,00:59:00,33.9,33.92,927.2,1194,266.8,1.07851596203624,0.0755859869565951,400 (100%),High,7,7,2,Contact,NA,NA,NA,No CH contact,Blade contact,2,Near tip,3,13,Direct,Near hub,2,10,Indirect,32.48,35.36,33.82,34.02,33.52,33.82,34.02,34.32,32.48,33.52,34.32,35.36,203.736,203.736,6.073,161.206,1.366,66.881,33.99,33.99,33.82,34.03,33.52,34.4,62.536,521.8,521.8,NA,31.5,NA,151.8,33.9105,33.9105,NA,34.0335,NA,34.889,0.07,After nadir,104.002486110853,203.736,33.99,1185.5,No GV contact,NA,NA,NA,NA,NA,NA,NA,NA,NA,0,0,1,0,0,NA,NA,NA,NA,NA,NA,NA,NA,NA,NA,NA,NA
B69-0716112716_imp,100_imp,B69,16/07,11:27:16,00:59:00,33.4,34.34,1069.6,1160.8,91.2,0.93492894540015,-0.0672847468055962,400 (100%),High,7,6,7,No contact,No hub rotation,Pressure force,Center,No CH contact,No blade contact,0,NA,NA,NA,NA,NA,NA,NA,NA,32.9,35.78,34.24,34.44,33.94,34.24,34.44,34.74,32.9,33.94,34.74,35.78,116.533,116.533,4.471,64.751,3.054,73.691,34.33,34.33,34.23,34.49,33.7,35,105.244,15.7,15.7,NA,8.7,NA,11.6,34.303,34.303,NA,34.5205,NA,34.9465,-0.01,Before nadir,54.3568538601291,116.533,34.33,1076.9,No GV contact,NA,NA,NA,NA,NA,NA,NA,NA,NA,0,0,1,0,0,NA,NA,NA,NA,NA,NA,NA,NA,NA,NA,NA,NA
B69-0716131707_imp,100_imp,B69,16/07,13:17:07,01:00:00,40.37,41.16,1101.1,1164.4,63.3000000000002,0.908182726364545,-0.0963096801374083,400 (100%),Low,6,5,2,No contact,Hub rotation,No pressure force,Near hub,No CH contact,No blade contact,0,NA,NA,NA,NA,NA,NA,NA,NA,39.72,42.6,41.06,41.26,40.76,41.06,41.26,41.56,39.72,40.76,41.56,42.6,169.092,87.694,1.873,169.092,0.785,77.807,41.52,41.22,41.04,41.52,40.76,41.92,41.34,198.1,11.6,NA,151.2,NA,198.1,42.248,41.203,NA,41.3745,NA,42.248,0.06,After nadir,46.6903118593548,115.12,41.36,1356.6,GV contact,169.092,41.52,1408.9,NA,NA,NA,NA,NA,NA,0,0,0,2,0,NA,NA,NA,NA,NA,NA,NA,NA,NA,NA,NA,NA
B69-0716135923_imp,100_imp,B69,16/07,13:59:23,00:59:00,22.7,22.73,1069.1,1115.8,46.7,0.935366195865681,-0.0668171730373171,400 (100%),High,2,2,2,No contact,No hub rotation,Pressure force,Near hub,No CH contact,No blade contact,0,NA,NA,NA,NA,NA,NA,NA,NA,21.29,24.17,22.63,22.83,22.33,22.63,22.83,23.13,21.29,22.33,23.13,24.17,135.481,99.497,6.372,135.481,0.484,83.059,23.11,22.79,22.51,23.11,21.29,23.45,25.36,141.9,101.3,NA,16.7,NA,141.9,23.4735,22.808,NA,23.076,NA,23.4735,0.06,After nadir,32.5856749734633,99.497,22.79,1281.3,GV contact,135.481,23.11,1347.8,NA,NA,NA,NA,NA,NA,0,0,1,1,0,NA,NA,NA,NA,NA,NA,NA,NA,NA,NA,NA,NA
B69-0716144306_imp,100_imp,B69,16/07,14:43:06,00:59:00,28.98,29,969.8,1191,221.2,1.03114044132811,0.0306654143108852,400 (100%),Low,7,5,5,Contact,NA,NA,NA,No CH contact,Blade contact,2,Absolute tip,6,14,Direct,Near tip,5,13,Direct,27.56,30.44,28.9,29.1,28.6,28.9,29.1,29.4,27.56,28.6,29.4,30.44,235.555,235.555,15.13,92.41,11.318,65.852,29,29,28.72,29.15,28.47,29.55,235.555,534.9,534.9,39.2,168.2,13.8,93.6,28.9725,28.9725,28.696,29.364,28.4415,29.7555,0,On nadir,84.6123547854173,235.555,29,969.8,No GV contact,134.9,29.06,1239.8,NA,NA,NA,NA,NA,NA,0,0,2,0,0,NA,NA,NA,NA,NA,NA,NA,NA,NA,NA,NA,NA
B69-0716153730_imp,100_imp,B69,16/07,15:37:30,01:00:00,27.34,27.36,1015.5,1155,139.5,0.984736582964057,-0.0153811020383024,400 (100%),High,2,3,6,Contact,NA,NA,NA,CH contact,No blade contact,1,Center hub,1,NA,Indirect,NA,NA,NA,NA,25.92,28.8,27.26,27.46,26.96,27.26,27.46,27.76,25.92,26.96,27.76,28.8,182.464,182.464,2.921,64.413,1.565,40.483,27.38,27.38,27.22,27.71,26.02,27.91,118.429,148.6,148.6,NA,81.6,NA,87.2,27.375,27.375,NA,27.726,NA,27.806,0.02,After nadir,77.4901428431845,182.464,27.38,1059.4,No GV contact,NA,NA,NA,NA,NA,NA,NA,NA,NA,0,0,1,0,0,NA,NA,NA,NA,NA,NA,NA,NA,NA,NA,NA,NA
B69-0716160245_imp,100_imp,B69,16/07,16:02:45,00:59:00,22.7,22.73,1032.7,1157.9,125.2,0.968335431393435,-0.0321767316952212,400 (100%),Low,3,3,6,Contact,NA,NA,NA,CH contact,No blade contact,1,Center hub,3,NA,Indirect,NA,NA,NA,NA,21.29,24.17,22.63,22.83,22.33,22.63,22.83,23.13,21.29,22.33,23.13,24.17,140.453,140.453,3.296,124.262,1.743,45.58,22.75,22.75,22.63,22.97,21.4,23.32,74.595,105.9,105.9,NA,16,NA,7.3,22.6955,22.6955,NA,22.944,NA,23.292,0.02,After nadir,64.9275445506832,140.453,22.75,1089.1,GV contact,124.262,22.97,1409.8,NA,NA,NA,NA,NA,NA,0,0,1,1,0,NA,NA,NA,NA,NA,NA,NA,NA,NA,NA,NA,NA
B69-0716164624_imp,100_imp,B69,16/07,16:46:24,00:59:00,25.79,25.81,989.7,1256.5,266.8,1.01040719409922,0.0103534120794915,400 (100%),High,5,6,4,Contact,NA,NA,NA,No CH contact,Blade contact,1,Center,5,11,Indirect,NA,NA,NA,NA,24.37,27.25,25.71,25.91,25.41,25.71,25.91,26.21,24.37,25.41,26.21,27.25,177.666,177.666,9.914,54.538,1.104,89.9,25.82,25.82,25.71,25.91,24.51,26.37,98.953,565.7,565.7,NA,8.5,NA,280.4,25.783,25.783,NA,25.91,NA,26.4845,0.01,After nadir,71.8646963340866,177.666,25.82,1050.1,No GV contact,NA,NA,NA,NA,NA,NA,NA,NA,NA,0,0,1,0,0,NA,NA,NA,NA,NA,NA,NA,NA,NA,NA,NA,NA
B74-0716131340_imp,100_imp,B74,16/07,13:13:40,00:59:00,31.46,31.48,1049.9,1123.5,73.5999999999999,0.952471663967997,-0.0486949215387586,400 (100%),High,3,4,2,No contact,No hub rotation,Pressure force,Center hub,No CH contact,No blade contact,0,NA,NA,NA,NA,NA,NA,NA,NA,30.04,32.92,31.38,31.58,31.08,31.38,31.58,31.88,30.04,31.08,31.88,32.92,57.977,57.977,4.649,42.251,0.525,50.582,31.48,31.48,31.27,31.78,30.27,32,57.977,214,10,NA,214,NA,167,31.7605,31.454,NA,31.7605,NA,31.9435,0,On nadir,31.566193864564,NA,NA,NA,No GV contact,NA,NA,NA,NA,NA,NA,NA,NA,NA,0,0,0,0,0,NA,NA,NA,NA,NA,NA,NA,NA,NA,NA,NA,NA
B74-0716152423_imp,100_imp,B74,16/07,15:24:23,00:59:00,28.11,28.12,1040.6,1186.1,145.5,0.960984047664809,-0.039797469874066,400 (100%),Low,4,4,6,No contact,Hub rotation,Pressure force,Center hub,No CH contact,No blade contact,0,NA,NA,NA,NA,NA,NA,NA,NA,26.68,29.56,28.02,28.22,27.72,28.02,28.22,28.52,26.68,27.72,28.52,29.56,185.964,185.964,2.599,130.047,0.473,90.648,28.13,28.13,27.97,28.34,27.72,28.61,131.572,437.2,81,NA,352.3,3.8,437.2,28.5895,28.193,NA,28.2255,26.8365,28.5895,0.01,After nadir,78.1603198265012,185.964,28.13,1041.6,GV contact,130.047,28.34,1417.8,NA,NA,NA,NA,NA,NA,0,0,1,1,0,NA,NA,NA,NA,NA,NA,NA,NA,NA,NA,NA,NA
B74-0716155726_imp,100_imp,B74,16/07,15:57:26,01:00:00,19.42,20.04,1094.4,1147.9,53.5,0.913742690058479,-0.0902062678861491,400 (100%),High,7,7,2,Contact,NA,NA,NA,No CH contact,Blade contact,1,Absolute tip,1,14,Direct,NA,NA,NA,NA,18.6,21.48,19.94,20.14,19.64,19.94,20.14,20.44,18.6,19.64,20.44,21.48,214.936,214.936,9.319,109.602,1.58,83.844,20.11,20.11,19.71,20.22,19.63,20.61,13.327,465.3,465.3,23.2,13.3,3.2,276.7,20.0765,20.0765,19.6835,20.1975,19.6325,20.4995,0.07,After nadir,62.3444705078547,214.936,20.11,1302.1,GV contact,109.602,20.22,1347.7,102.762,20.36,1387.9,NA,NA,NA,0,0,1,2,0,NA,NA,NA,NA,NA,NA,NA,NA,NA,NA,NA,NA
B74-0716165614_imp,100_imp,B74,16/07,16:56:14,01:00:00,27.34,28.3,1088.1,1167,78.9000000000001,0.919033177097693,-0.0844330559748293,400 (100%),Low,7,6,5,No contact,No hub rotation,Pressure force,Near tip,No CH contact,No blade contact,0,NA,NA,NA,NA,NA,NA,NA,NA,26.86,29.74,28.2,28.4,27.9,28.2,28.4,28.7,26.86,27.9,28.7,29.74,82.841,82.841,2.795,56.85,1.054,7.321,28.29,28.29,28.19,28.52,27.9,29.36,62.266,273.1,12,NA,273.1,NA,4.3,28.571,28.264,NA,28.571,NA,28.9545,-0.01,Before nadir,49.4048824028364,NA,NA,NA,No GV contact,NA,NA,NA,NA,NA,NA,NA,NA,NA,0,0,0,0,0,NA,NA,NA,NA,NA,NA,NA,NA,NA,NA,NA,NA
B74-0716173017_imp,100_imp,B74,16/07,17:30:17,00:59:00,22.61,23.5,1060.4,1160,99.5999999999999,0.943040362127499,-0.0586461954327335,400 (100%),High,4,3,7,No contact,Hub rotation,Pressure force,Near hub,No CH contact,No blade contact,0,NA,NA,NA,NA,NA,NA,NA,NA,22.06,24.94,23.4,23.6,23.1,23.4,23.6,23.9,22.06,23.1,23.9,24.94,113.818,48.111,3.237,113.818,0.505,94.213,23.74,23.57,23.32,23.74,23.1,23.93,45.993,302.6,NA,NA,302.6,4.3,79.3,23.883,NA,NA,23.883,22.1925,23.9965,0.07,After nadir,21.791055688057,113.818,23.74,1455,GV contact,NA,NA,NA,NA,NA,NA,NA,NA,NA,0,0,0,1,0,NA,NA,NA,NA,NA,NA,NA,NA,NA,NA,NA,NA
B74-0716181134_imp,100_imp,B74,16/07,18:11:34,00:59:00,33.29,33.31,943,1268.8,325.8,1.06044538706257,0.0586889963486796,400 (100%),Low,3,2,6,Contact,NA,NA,NA,No CH contact,Blade contact,1,Center,5,11,Direct,NA,NA,NA,NA,31.87,34.75,33.21,33.41,32.91,33.21,33.41,33.71,31.87,32.91,33.71,34.75,200.064,200.064,3.216,108.097,0.82,32.473,33.32,33.32,33.07,33.63,32.6,33.76,174.142,616.6,616.6,NA,473.7,NA,7.7,33.279,33.279,NA,33.5845,NA,33.7505,0.01,After nadir,87.4847575806916,200.064,33.32,1077.2,GV contact,108.097,33.63,1417.8,NA,NA,NA,NA,NA,NA,0,0,1,1,0,NA,NA,NA,NA,NA,NA,NA,NA,NA,NA,NA,NA
B74-0717115102_imp,100_imp,B74,17/07,11:51:02,00:59:00,22.28,22.31,1051.5,1188.6,137.1,0.951022349025202,-0.0502177161606174,400 (100%),Low,1,1,6,Contact,NA,NA,NA,No CH contact,Blade contact,1,Near tip,4,13,Direct,NA,NA,NA,NA,20.87,23.75,22.21,22.41,21.91,22.21,22.41,22.71,20.87,21.91,22.71,23.75,147.587,147.587,9.099,56.191,0.148,37.57,22.31,22.31,22.21,22.55,21.91,22.71,147.587,338,338,1.3,7.7,NA,151.2,22.2725,22.2725,22.21,22.655,NA,23.424,0,On nadir,66.5237111999137,147.587,22.31,1051.5,No GV contact,NA,NA,NA,NA,NA,NA,NA,NA,NA,0,0,1,0,0,NA,NA,NA,NA,NA,NA,NA,NA,NA,NA,NA,NA
B74-0717124215_imp,100_imp,B74,17/07,12:42:15,00:59:00,24.52,25.36,1089.1,1159.3,70.2,0.918189330639978,-0.0853516670995037,400 (100%),High,7,7,2,No contact,Hub rotation,No pressure force,Near tip,No CH contact,No blade contact,0,NA,NA,NA,NA,NA,NA,NA,NA,23.92,26.8,25.26,25.46,24.96,25.26,25.46,25.76,23.92,24.96,25.76,26.8,78.707,78.707,2.928,60.259,1.22,36.298,25.42,25.42,25.17,25.7,24.16,26.08,36.17,125.2,10.3,NA,9.2,NA,125.2,26.1445,25.402,NA,25.688,NA,26.1445,0.06,After nadir,31.8200719500249,NA,NA,NA,No GV contact,NA,NA,NA,NA,NA,NA,NA,NA,NA,0,0,0,0,0,NA,NA,NA,NA,NA,NA,NA,NA,NA,NA,NA,NA
B74-0717132458_imp,100_imp,B74,17/07,13:24:58,00:59:00,30.61,31.32,1092.7,1160.3,67.5999999999999,0.915164271986822,-0.0886516975945627,400 (100%),Low,7,7,7,No contact,No hub rotation,Pressure force,Near tip,No CH contact,No blade contact,0,NA,NA,NA,NA,NA,NA,NA,NA,29.88,32.76,31.22,31.42,30.92,31.22,31.42,31.72,29.88,30.92,31.72,32.76,103.643,55.386,2.019,99.02,1.57,103.643,32.09,31.4,31,31.61,30.92,32.09,36.41,15.3,NA,NA,12.8,NA,15.3,31.7435,NA,NA,31.5845,NA,31.7435,0.08,After nadir,25.5309513382893,99.02,31.61,1373.6,GV contact,103.643,32.09,1314.3,NA,NA,NA,NA,NA,NA,0,0,0,1,1,NA,NA,NA,NA,NA,NA,NA,NA,NA,NA,NA,NA
B75-0716133640_imp,100_imp,B75,16/07,13:36:40,00:59:00,27.91,28.52,1102.3,1149.1,46.8,0.90719404880704,-0.0973989059871326,400 (100%),High,6,6,2,No contact,Hub rotation,Pressure force,Center,No CH contact,No blade contact,0,NA,NA,NA,NA,NA,NA,NA,NA,27.08,29.96,28.42,28.62,28.12,28.42,28.62,28.92,27.08,28.12,28.92,29.96,80.324,70.945,2.375,80.324,1.341,55.127,28.78,28.58,28.4,28.78,28.11,29.12,51.455,210.5,10.6,NA,10.5,NA,210.5,29.166,28.559,NA,28.753,NA,29.166,0.06,After nadir,40.1231649988359,NA,NA,NA,No GV contact,NA,NA,NA,NA,NA,NA,NA,NA,NA,0,0,0,0,0,NA,NA,NA,NA,NA,NA,NA,NA,NA,NA,NA,NA
B75-0716152557_imp,100_imp,B75,16/07,15:25:57,00:59:00,31.88,32.82,1028.1,1174.3,146.2,0.972668028401906,-0.0277124385665357,400 (100%),Low,6,4,7,No contact,Hub rotation,Pressure force,Center hub,No CH contact,No blade contact,0,NA,NA,NA,NA,NA,NA,NA,NA,31.38,34.26,32.72,32.92,32.42,32.72,32.92,33.22,31.38,32.42,33.22,34.26,82.014,69.91,2.13,62.033,1.68,82.014,33.3,32.82,32.54,33.21,32.4,33.3,69.91,110.6,11.2,NA,110.6,NA,33.7,33.181,32.797,NA,33.181,NA,33.706,0,On nadir,29.5627543895226,NA,NA,NA,No GV contact,NA,NA,NA,NA,NA,NA,NA,NA,NA,0,0,0,0,0,NA,NA,NA,NA,NA,NA,NA,NA,NA,NA,NA,NA
B75-0716155312_imp,100_imp,B75,16/07,15:53:12,00:59:00,28.76,28.79,1015.5,1159.5,144,0.984736582964057,-0.0153811020383024,400 (100%),High,2,2,5,No contact,Hub rotation,Pressure force,Near hub,No CH contact,No blade contact,0,NA,NA,NA,NA,NA,NA,NA,NA,27.35,30.23,28.69,28.89,28.39,28.69,28.89,29.19,27.35,28.39,29.19,30.23,153.659,153.659,7.056,61.804,1.871,28.177,28.8,28.8,28.69,29.03,28.39,29.42,148.839,402.9,402.9,NA,60.7,NA,6.3,28.8205,28.8205,NA,29.0425,NA,29.403,0.01,After nadir,80.1792375425506,153.659,28.8,1034.8,No GV contact,NA,NA,NA,NA,NA,NA,NA,NA,NA,0,0,1,0,0,NA,NA,NA,NA,NA,NA,NA,NA,NA,NA,NA,NA
B75-0716165306_imp,100_imp,B75,16/07,16:53:06,00:59:00,25.67,25.71,1101.1,1144.1,43,0.908182726364545,-0.0963096801374083,400 (100%),Low,6,6,1,No contact,Hub rotation,No pressure force,Center,No CH contact,No blade contact,0,NA,NA,NA,NA,NA,NA,NA,NA,24.27,27.15,25.61,25.81,25.31,25.61,25.81,26.11,24.27,25.31,26.11,27.15,85.575,78.221,2.436,85.575,0.543,33.971,26.01,25.77,25.53,26.01,24.54,26.15,20.623,137.1,10.8,NA,11.8,NA,137.1,26.3775,25.745,NA,25.995,NA,26.3775,0.06,After nadir,31.5658772222399,NA,NA,NA,No GV contact,NA,NA,NA,NA,NA,NA,NA,NA,NA,0,0,0,0,0,NA,NA,NA,NA,NA,NA,NA,NA,NA,NA,NA,NA
B75-0716174014_imp,100_imp,B75,16/07,17:40:14,00:59:00,21.73,21.75,962.7,1183.8,221.1,1.03874519580347,0.0380134421982162,400 (100%),High,6,5,4,Contact,NA,NA,NA,CH contact,No blade contact,1,Center hub,1,10,Indirect,NA,NA,NA,NA,20.31,23.19,21.65,21.85,21.35,21.65,21.85,22.15,20.31,21.35,22.15,23.19,179.491,179.491,10.852,157.027,2.146,17.119,21.76,21.76,21.63,21.97,21.32,22.39,175.166,406.8,171.2,3.5,406.8,NA,50.5,21.8535,21.749,21.6455,21.8535,NA,22.367,0.01,After nadir,97.7049212546684,179.491,21.76,1047.5,GV contact,157.027,21.97,1367.4,NA,NA,NA,NA,NA,NA,0,0,1,1,0,NA,NA,NA,NA,NA,NA,NA,NA,NA,NA,NA,NA
B75-0716181322_imp,100_imp,B75,16/07,18:13:22,00:59:00,22.27,22.66,1100.2,1134.4,34.2,0.90892564988184,-0.0954919814592207,400 (100%),Low,6,6,2,No contact,Hub rotation,No pressure force,Near hub,No CH contact,No blade contact,0,NA,NA,NA,NA,NA,NA,NA,NA,21.22,24.1,22.56,22.76,22.26,22.56,22.76,23.06,21.22,22.26,23.06,24.1,171.112,90.154,2.486,80.692,0.824,171.112,23.12,22.72,22.55,23.03,22.25,23.12,31.972,484.1,11.8,NA,237.2,NA,484.1,23.1,22.697,NA,23.0225,NA,23.1,0.06,After nadir,37.4376564679137,171.112,23.12,1394.5,No GV contact,NA,NA,NA,NA,NA,NA,NA,NA,NA,0,0,0,0,1,NA,NA,NA,NA,NA,NA,NA,NA,NA,NA,NA,NA
B75-0716185258_imp,100_imp,B75,16/07,18:52:58,00:59:00,44.63,44.68,1003.4,1301.3,297.9,0.996611520829181,-0.00339423306801552,400 (100%),High,6,6,1,Contact,NA,NA,NA,No CH contact,Blade contact,1,Near tip,1,13,Direct,NA,NA,NA,NA,43.24,46.12,44.58,44.78,44.28,44.58,44.78,45.08,43.24,44.28,45.08,46.12,193.238,193.238,17.631,40.851,1.392,36.765,44.68,44.68,44.58,44.96,44.28,45.21,193.238,692.4,692.4,5.1,160.1,NA,184.4,44.6165,44.6165,44.5795,44.8545,NA,45.2255,0,On nadir,83.4070051060575,193.238,44.68,1003.4,No GV contact,NA,NA,NA,NA,NA,NA,NA,NA,NA,0,0,1,0,0,NA,NA,NA,NA,NA,NA,NA,NA,NA,NA,NA,NA
B75-0717115540_imp,100_imp,B75,17/07,11:55:40,00:59:00,25.04,25.06,1047.3,1149,101.7,0.954836245583882,-0.046215423796963,400 (100%),Low,6,7,2,No contact,Hub rotation,Pressure force,Near tip,No CH contact,No blade contact,0,NA,NA,NA,NA,NA,NA,NA,NA,23.62,26.5,24.96,25.16,24.66,24.96,25.16,25.46,23.62,24.66,25.46,26.5,82.5,77.505,11.357,47.651,0.887,82.5,25.56,25.13,24.86,25.39,24.66,25.56,38.62,149.2,47.7,NA,8.1,NA,149.2,25.51,25.019,NA,25.373,NA,25.51,0.07,After nadir,31.7063966807361,NA,NA,NA,No GV contact,NA,NA,NA,NA,NA,NA,NA,NA,NA,0,0,0,0,0,NA,NA,NA,NA,NA,NA,NA,NA,NA,NA,NA,NA
B75-0717124403_imp,100_imp,B75,17/07,12:44:03,01:00:00,31.67,31.68,1008.2,1218.4,210.2,0.991866693116445,-0.00816656266639341,400 (100%),High,3,3,2,Contact,NA,NA,NA,No CH contact,Blade contact,1,Near tip,5,13,Direct,NA,NA,NA,NA,30.24,33.12,31.58,31.78,31.28,31.58,31.78,32.08,30.24,31.28,32.08,33.12,128.026,128.026,5.124,42.002,0.574,35.699,31.69,31.69,31.42,31.94,31.28,32.17,86.537,435.3,435.3,NA,315,6.3,7.4,31.66,31.66,NA,31.9925,30.5045,32.134,0.01,After nadir,50.3273766486326,128.026,31.69,1011,No GV contact,NA,NA,NA,NA,NA,NA,NA,NA,NA,0,0,1,0,0,NA,NA,NA,NA,NA,NA,NA,NA,NA,NA,NA,NA
B75-0717131745_imp,100_imp,B75,17/07,13:17:45,00:59:00,24.2,24.21,990.9,1247.3,256.4,1.00918357049147,0.00914165791728344,400 (100%),Low,5,6,2,Contact,NA,NA,NA,No CH contact,Blade contact,1,Absolute tip,5,14,Direct,NA,NA,NA,NA,22.77,25.65,24.11,24.31,23.81,24.11,24.31,24.61,22.77,23.81,24.61,25.65,121.286,121.286,29.154,63.558,0.993,121.285,24.21,24.21,23.94,24.47,23.81,24.78,121.286,414.4,414.4,91.4,213.5,3.2,283.2,24.183,24.183,24.042,24.52,22.7775,24.832,0,On nadir,45.7899998726068,121.286,24.21,990.9,No GV contact,121.285,24.78,1380.7,NA,NA,NA,NA,NA,NA,0,0,1,0,1,NA,NA,NA,NA,NA,NA,NA,NA,NA,NA,NA,NA
B76-0716131853_imp,100_imp,B76,16/07,13:18:53,00:59:00,26.45,27.41,1002.2,1129.5,127.3,0.997804829375374,-0.00219758354348722,400 (100%),High,1,1,3,No contact,No hub rotation,Pressure force,Near tip,No CH contact,No blade contact,0,NA,NA,NA,NA,NA,NA,NA,NA,25.97,28.85,27.31,27.51,27.01,27.31,27.51,27.81,25.97,27.01,27.81,28.85,65.05,65.05,6.472,36.082,0.743,58.52,27.42,27.42,27.21,27.76,26.21,27.98,36.69,141.3,NA,NA,NA,NA,141.3,28.0835,NA,NA,NA,NA,28.0835,0.01,After nadir,28.6802560018793,NA,NA,NA,No GV contact,NA,NA,NA,NA,NA,NA,NA,NA,NA,0,0,0,0,0,NA,NA,NA,NA,NA,NA,NA,NA,NA,NA,NA,NA
B76-0716152314_imp,100_imp,B76,16/07,15:23:14,00:59:00,29.16,29.18,1031.1,1150.7,119.6,0.969838037047813,-0.0306261935417607,400 (100%),Low,3,2,1,No contact,No hub rotation,Pressure force,Center hub,No CH contact,No blade contact,0,NA,NA,NA,NA,NA,NA,NA,NA,27.74,30.62,29.08,29.28,28.78,29.08,29.28,29.58,27.74,28.78,29.58,30.62,98.43,92.061,5.08,98.43,1.36,95.315,29.4,29.18,28.96,29.4,28.78,29.69,92.061,400.8,93.6,NA,400.8,NA,176.9,29.432,29.275,NA,29.432,NA,29.7945,0,On nadir,37.0674386573856,98.43,29.4,1348.8,GV contact,NA,NA,NA,NA,NA,NA,NA,NA,NA,0,0,0,1,0,NA,NA,NA,NA,NA,NA,NA,NA,NA,NA,NA,NA
B76-0716155619_imp,100_imp,B76,16/07,15:56:19,00:59:00,25.3,26.24,1073,1154.9,81.9000000000001,0.931966449207829,-0.0704584636485614,400 (100%),High,5,4,5,No contact,Hub rotation,Pressure force,Center hub,No CH contact,No blade contact,0,NA,NA,NA,NA,NA,NA,NA,NA,24.8,27.68,26.14,26.34,25.84,26.14,26.34,26.64,24.8,25.84,26.64,27.68,120.816,83.848,3.25,120.816,1.548,104.009,26.49,26.31,26.14,26.49,25.84,26.9,46.523,397.7,14.2,NA,15.7,3.1,397.7,26.8485,26.3375,NA,26.471,24.8205,26.8485,0.07,After nadir,41.7715557606688,119.791,26.37,1345.7,GV contact,120.816,26.49,1293.9,104.009,26.9,1347.7,NA,NA,NA,0,0,0,2,1,NA,NA,NA,NA,NA,NA,NA,NA,NA,NA,NA,NA
B76-0716165809_imp,100_imp,B76,16/07,16:58:09,00:59:00,29.78,29.79,1015.1,1265.6,250.5,0.98512461826421,-0.0149871298082484,400 (100%),Low,7,6,2,Contact,NA,NA,NA,No CH contact,Blade contact,2,Near tip,3,13,Direct,Center,3,11,Direct,28.35,31.23,29.69,29.89,29.39,29.69,29.89,30.19,28.35,29.39,30.19,31.23,224.529,224.529,8.793,190.974,2.962,65.81,29.79,29.79,29.69,29.95,29.39,30.36,224.529,446,439.8,NA,446,NA,54.5,29.8925,29.839,NA,29.8925,NA,30.2985,0,On nadir,91.2306701402445,224.529,29.79,1015.1,GV contact,190.974,29.95,1173.6,NA,NA,NA,NA,NA,NA,0,0,1,1,0,NA,NA,NA,NA,NA,NA,NA,NA,NA,NA,NA,NA
B76-0716172344_imp,100_imp,B76,16/07,17:23:44,00:59:00,21.04,21.07,1019.4,1164,144.6,0.980969197567196,-0.0192142189238043,400 (100%),High,5,5,4,Contact,NA,NA,NA,No CH contact,Blade contact,1,Near hub,4,10,Direct,NA,NA,NA,NA,19.63,22.51,20.97,21.17,20.67,20.97,21.17,21.47,19.63,20.67,21.47,22.51,222.417,222.417,17.396,91.252,2.783,49.572,21.08,21.08,20.97,21.17,20.6,21.66,154.943,410.2,410.2,NA,9.9,3.1,60,21.0455,21.0455,NA,21.1705,19.6605,22.0875,0.01,After nadir,99.8898933476255,222.417,21.08,1063.8,No GV contact,NA,NA,NA,NA,NA,NA,NA,NA,NA,0,0,1,0,0,NA,NA,NA,NA,NA,NA,NA,NA,NA,NA,NA,NA
B76-0716180414_imp,100_imp,B76,16/07,18:04:14,00:59:00,24.45,24.48,1073,1163.6,90.5999999999999,0.931966449207829,-0.0704584636485614,400 (100%),Low,7,7,7,No contact,No hub rotation,Pressure force,Center,No CH contact,No blade contact,0,NA,NA,NA,NA,NA,NA,NA,NA,23.04,25.92,24.38,24.58,24.08,24.38,24.58,24.88,23.04,24.08,24.88,25.92,86.603,86.603,2.68,39.032,3.43,19.846,24.47,24.47,24.37,24.63,23.61,25.55,70.07,100.2,12.4,NA,100.2,NA,77.3,24.7275,24.4535,NA,24.7275,NA,25.466,-0.01,Before nadir,39.1881578152429,NA,NA,NA,No GV contact,NA,NA,NA,NA,NA,NA,NA,NA,NA,0,0,0,0,0,NA,NA,NA,NA,NA,NA,NA,NA,NA,NA,NA,NA
B76-0716185142_imp,100_imp,B76,16/07,18:51:42,00:59:00,26.74,26.75,960.9,1186,225.1,1.04069101883651,0.039884933698915,400 (100%),High,5,6,3,Contact,NA,NA,NA,CH contact,Blade contact,2,Center hub,6,NA,Indirect,Near hub,2,10,Indirect,25.31,28.19,26.65,26.85,26.35,26.65,26.85,27.15,25.31,26.35,27.15,28.19,206.086,206.086,9.459,100.718,1.7,64.981,26.77,26.77,26.65,27.09,26.35,27.21,119.631,539.5,539.5,NA,421.2,NA,399.9,26.7275,26.7275,NA,26.929,NA,27.181,0.02,After nadir,82.4525763156934,206.086,26.77,1074.7,GV contact,99.136,27.02,1315.2,100.718,27.09,1329.8,NA,NA,NA,0,0,1,2,0,NA,NA,NA,NA,NA,NA,NA,NA,NA,NA,NA,NA
B76-0717114435_imp,100_imp,B76,17/07,11:44:35,00:59:00,44.11,44.13,1010.1,1182.9,172.8,0.99000099000099,-0.0100493358530015,400 (100%),Low,4,6,7,No contact,No hub rotation,Pressure force,Center,No CH contact,No blade contact,0,NA,NA,NA,NA,NA,NA,NA,NA,42.69,45.57,44.03,44.23,43.73,44.03,44.23,44.53,42.69,43.73,44.53,45.57,175.967,175.967,8.232,35.16,2.025,15.666,44.12,44.12,44.03,44.26,43.69,44.53,162.952,125.4,84.3,NA,97.8,NA,125.4,44.546,44.159,NA,44.4015,NA,44.546,-0.01,Before nadir,79.2343383451897,175.967,44.12,1115.7,No GV contact,NA,NA,NA,NA,NA,NA,NA,NA,NA,0,0,1,0,0,NA,NA,NA,NA,NA,NA,NA,NA,NA,NA,NA,NA
B76-0717123417_imp,100_imp,B76,17/07,12:34:17,00:59:00,44.62,45.41,1118.9,1162.4,43.5,0.893734918223255,-0.112346059831539,400 (100%),High,7,7,1,Contact,NA,NA,NA,No CH contact,Blade contact,1,Absolute tip,2,14,Direct,NA,NA,NA,NA,43.97,46.85,45.31,45.51,45.01,45.31,45.51,45.81,43.97,45.01,45.81,46.85,213.023,162.121,3.6,213.023,3.647,99.064,45.64,45.49,45.19,45.64,44.75,45.81,10.495,565,565,NA,88.3,NA,316,45.453,45.453,NA,45.5365,NA,45.863,0.08,After nadir,63.4887925734028,162.121,45.49,1298.3,GV contact,213.023,45.64,1177.7,NA,NA,NA,NA,NA,NA,0,0,1,1,0,NA,NA,NA,NA,NA,NA,NA,NA,NA,NA,NA,NA
B76-0717132716_imp,100_imp,B76,17/07,13:27:16,00:59:00,23.16,23.18,1050,1130.4,80.4000000000001,0.952380952380952,-0.0487901641694321,400 (100%),Low,2,2,4,No contact,No hub rotation,Pressure force,Near hub,No CH contact,No blade contact,0,NA,NA,NA,NA,NA,NA,NA,NA,21.74,24.62,23.08,23.28,22.78,23.08,23.28,23.58,21.74,22.78,23.58,24.62,184.795,84.458,3.302,184.795,1.104,55.901,23.44,23.19,22.9,23.44,22.78,23.59,70.979,199,11.6,NA,199,NA,8.7,23.4905,23.166,NA,23.4905,NA,23.5885,0.01,After nadir,48.1171155446098,184.795,23.44,1379.4,GV contact,NA,NA,NA,NA,NA,NA,NA,NA,NA,0,0,0,1,0,NA,NA,NA,NA,NA,NA,NA,NA,NA,NA,NA,NA
B77-0102145837_imp,100_imp,B77,02/01,14:58:37,00:59:00,33.82,33.84,1018.7,1141.2,122.5,0.981643270835378,-0.0185273046138837,400 (100%),High,4,4,2,No contact,No hub rotation,Pressure force,Center hub,No CH contact,No blade contact,0,NA,NA,NA,NA,NA,NA,NA,NA,32.4,35.28,33.74,33.94,33.44,33.74,33.94,34.24,32.4,33.44,34.24,35.28,148.405,148.405,2.826,37.44,1.042,23.338,33.84,33.84,33.58,33.99,32.9,34.44,148.405,31.8,20.1,NA,9.3,NA,31.8,34.425,33.811,NA,33.9615,NA,34.425,0,On nadir,51.5956298763116,148.405,33.84,1018.7,No GV contact,NA,NA,NA,NA,NA,NA,NA,NA,NA,0,0,1,0,0,NA,NA,NA,NA,NA,NA,NA,NA,NA,NA,NA,NA
B77-0102164216_imp,100_imp,B77,02/01,16:42:16,00:59:00,27.86,27.9,1026.4,1427,400.6,0.974279033515199,-0.0260575343192898,400 (100%),Low,7,5,2,Contact,NA,NA,NA,No CH contact,Blade contact,1,Near hub,2,10,Direct,NA,NA,NA,NA,26.46,29.34,27.8,28,27.5,27.8,28,28.3,26.46,27.5,28.3,29.34,199.78,199.78,35.399,99.267,15.446,96.742,27.89,27.89,27.78,28,27.36,28.31,179.482,409.3,409.3,6.9,12.5,33.4,222.4,27.831,27.831,27.751,28.29,27.342,28.905,-0.01,Before nadir,109.040298616307,199.78,27.89,1029.7,No GV contact,NA,NA,NA,NA,NA,NA,NA,NA,NA,0,0,1,0,0,NA,NA,NA,NA,NA,NA,NA,NA,NA,NA,NA,NA
B77-0102171842_imp,100_imp,B77,02/01,17:18:42,00:59:00,23.36,24.29,1055,1144.8,89.8,0.947867298578199,-0.0535407669280298,400 (100%),High,3,2,6,No contact,Hub rotation,No pressure force,Near hub,No CH contact,No blade contact,0,NA,NA,NA,NA,NA,NA,NA,NA,22.85,25.73,24.19,24.39,23.89,24.19,24.39,24.69,22.85,23.89,24.69,25.73,150.425,65.079,1.274,150.425,0.467,31.223,24.51,24.36,24,24.51,23.89,24.69,54.228,148.4,10.2,NA,148.4,NA,107.7,24.5005,24.389,NA,24.5005,NA,24.8955,0.07,After nadir,38.5561593887348,150.425,24.51,1351.2,GV contact,NA,NA,NA,NA,NA,NA,NA,NA,NA,0,0,0,1,0,NA,NA,NA,NA,NA,NA,NA,NA,NA,NA,NA,NA
B77-0102181847_imp,100_imp,B77,02/01,18:18:47,00:59:00,26.58,27.3,1056,1123.9,67.9000000000001,0.946969696969697,-0.0544881852840697,400 (100%),Low,4,5,2,No contact,Hub rotation,No pressure force,Center,No CH contact,No blade contact,0,NA,NA,NA,NA,NA,NA,NA,NA,25.86,28.74,27.2,27.4,26.9,27.2,27.4,27.7,25.86,26.9,27.7,28.74,106.134,95.387,1.32,106.134,0.817,79.976,27.53,27.36,27.09,27.53,26.74,27.76,33.198,171.3,11.9,NA,69.6,NA,171.3,28.0985,27.3435,NA,27.527,NA,28.0985,0.06,After nadir,34.3730262179656,106.134,27.53,1353.5,GV contact,NA,NA,NA,NA,NA,NA,NA,NA,NA,0,0,0,1,0,NA,NA,NA,NA,NA,NA,NA,NA,NA,NA,NA,NA
B77-0102185739_imp,100_imp,B77,02/01,18:57:39,00:59:00,24.11,24.12,955.8,1233.6,277.8,1.04624398409709,0.0452065928380792,400 (100%),High,4,6,2,Contact,NA,NA,NA,No CH contact,Blade contact,1,Near tip,5,13,Direct,NA,NA,NA,NA,22.68,25.56,24.02,24.22,23.72,24.02,24.22,24.52,22.68,23.72,24.52,25.56,105.436,105.436,3.899,22.532,0.755,92.416,24.11,24.11,24.02,24.23,22.84,24.79,82.042,566.5,566.5,NA,4.6,NA,160.1,24.097,24.097,NA,24.2255,NA,25.162,-0.01,Before nadir,43.9327887329856,105.436,24.11,1233.6,No GV contact,NA,NA,NA,NA,NA,NA,NA,NA,NA,0,0,1,0,0,NA,NA,NA,NA,NA,NA,NA,NA,NA,NA,NA,NA
B77-0102191805_imp,100_imp,B77,02/01,19:18:05,01:00:00,23.6,23.64,1035.2,1160.3,125.1,0.965996908809892,-0.0345946447644991,400 (100%),Low,1,1,6,Contact,NA,NA,NA,No CH contact,Blade contact,1,Center,3,11,Direct,NA,NA,NA,NA,22.2,25.08,23.54,23.74,23.24,23.54,23.74,24.04,22.2,23.24,24.04,25.08,197.793,197.793,22.012,125.435,5.736,31.459,23.64,23.64,23.54,23.94,22.2,24.08,197.793,460.3,460.3,4.1,402.8,NA,5.6,23.6005,23.6005,23.537,23.9085,NA,24.641,0,On nadir,85.2734900401001,197.793,23.64,1035.2,GV contact,125.435,23.94,1374.6,NA,NA,NA,NA,NA,NA,0,0,1,1,0,NA,NA,NA,NA,NA,NA,NA,NA,NA,NA,NA,NA
B77-0102200820_imp,100_imp,B77,02/01,20:08:20,00:59:00,23.8,23.83,1045.7,1127,81.3,0.956297217175098,-0.0446865176224061,400 (100%),High,2,2,7,No contact,Hub rotation,Pressure force,Center,No CH contact,No blade contact,0,NA,NA,NA,NA,NA,NA,NA,NA,22.39,25.27,23.73,23.93,23.43,23.73,23.93,24.23,22.39,23.43,24.23,25.27,146.026,69.923,3.527,146.026,0.972,81.153,24.04,23.83,23.6,24.04,23.43,24.36,69.923,373.8,9.2,NA,332.6,NA,373.8,24.3235,23.886,NA,24.028,NA,24.3235,0,On nadir,43.2349969072675,146.026,24.04,1375.3,GV contact,NA,NA,NA,NA,NA,NA,NA,NA,NA,0,0,0,1,0,NA,NA,NA,NA,NA,NA,NA,NA,NA,NA,NA,NA
B77-0103132444_imp,100_imp,B77,03/01,13:24:44,00:59:00,24.64,25.6,1099.2,1152.2,53,0.909752547307132,-0.0945826424859479,400 (100%),Low,7,7,2,No contact,Hub rotation,No pressure force,Center,No CH contact,No blade contact,0,NA,NA,NA,NA,NA,NA,NA,NA,24.16,27.04,25.5,25.7,25.2,25.5,25.7,26,24.16,25.2,26,27.04,91.394,91.394,4.698,78.949,0.848,84.824,25.67,25.67,25.5,25.98,24.74,26.22,20.905,563.8,13.4,NA,163.5,NA,563.8,26.2705,25.6475,NA,25.7605,NA,26.2705,0.07,After nadir,33.2195725439085,NA,NA,NA,No GV contact,NA,NA,NA,NA,NA,NA,NA,NA,NA,0,0,0,0,0,NA,NA,NA,NA,NA,NA,NA,NA,NA,NA,NA,NA
B77-0103135307_imp,100_imp,B77,03/01,13:53:07,01:00:00,24.31,24.93,1073.4,1178.7,105.3,0.931619154089808,-0.0708311807605915,400 (100%),High,7,6,2,No contact,Hub rotation,No pressure force,Near hub,No CH contact,No blade contact,0,NA,NA,NA,NA,NA,NA,NA,NA,23.49,26.37,24.83,25.03,24.53,24.83,25.03,25.33,23.49,24.53,25.33,26.37,72.201,72.201,4.538,46.266,4.72,42.995,25,25,24.67,25.08,24.49,25.46,44.307,81.8,10.2,13.9,7.2,15.3,81.8,25.601,24.973,24.685,25.05,24.4745,25.601,0.07,After nadir,33.7057028303181,NA,NA,NA,No GV contact,NA,NA,NA,NA,NA,NA,NA,NA,NA,0,0,0,0,0,NA,NA,NA,NA,NA,NA,NA,NA,NA,NA,NA,NA
B77-0103143826_imp,100_imp,B77,03/01,14:38:26,01:00:00,45.93,46.7,1056,1147.7,91.7,0.946969696969697,-0.0544881852840697,400 (100%),Low,2,1,7,Contact,NA,NA,NA,No CH contact,Blade contact,1,Pressure side,6,NA,Indirect,NA,NA,NA,NA,45.26,48.14,46.6,46.8,46.3,46.6,46.8,47.1,45.26,46.3,47.1,48.14,113.076,103.031,2.757,113.076,4.325,53.674,46.88,46.77,46.55,46.88,45.32,47.26,28.028,400.5,13.7,NA,400.5,NA,183.8,46.84,46.754,NA,46.84,NA,47.375,0.07,After nadir,36.0036907473188,103.031,46.77,1320.2,GV contact,113.076,46.88,1365.4,NA,NA,NA,NA,NA,NA,0,0,1,1,0,NA,NA,NA,NA,NA,NA,NA,NA,NA,NA,NA,NA
B78-0716131632_imp,100_imp,B78,16/07,13:16:32,00:59:00,39.62,40.45,1075.3,1168,92.7,0.929973030782107,-0.0725996924143435,400 (100%),High,7,7,7,No contact,No hub rotation,No pressure force,Near tip,No CH contact,No blade contact,0,NA,NA,NA,NA,NA,NA,NA,NA,39.01,41.89,40.35,40.55,40.05,40.35,40.55,40.85,39.01,40.05,40.85,41.89,165.448,62.331,3.112,165.448,1.72,34.01,40.71,40.52,40.18,40.71,40.05,41.14,41.189,84.1,NA,NA,50.6,NA,84.1,41.036,NA,NA,40.7105,NA,41.036,0.07,After nadir,26.9159729864912,165.448,40.71,1392.2,GV contact,NA,NA,NA,NA,NA,NA,NA,NA,NA,0,0,0,1,0,NA,NA,NA,NA,NA,NA,NA,NA,NA,NA,NA,NA
B78-0716152149_imp,100_imp,B78,16/07,15:21:49,00:59:00,28.11,28.8,1098.2,1169.6,71.3999999999999,0.910580950646512,-0.0936724758626352,400 (100%),Low,7,6,1,No contact,Hub rotation,No pressure force,Near hub,No CH contact,No blade contact,0,NA,NA,NA,NA,NA,NA,NA,NA,27.36,30.24,28.7,28.9,28.4,28.7,28.9,29.2,27.36,28.4,29.2,30.24,87.988,87.988,3.615,76.301,2.505,71.092,28.86,28.86,28.5,28.93,28.4,29.3,30.893,332.7,11.5,NA,112,NA,332.7,29.29,28.846,NA,29.1735,NA,29.29,0.06,After nadir,40.7993973922585,NA,NA,NA,No GV contact,NA,NA,NA,NA,NA,NA,NA,NA,NA,0,0,0,0,0,NA,NA,NA,NA,NA,NA,NA,NA,NA,NA,NA,NA
B78-0716160647_imp,100_imp,B78,16/07,16:06:47,00:59:00,24.98,25,1035.9,1219.9,184,0.965344145187759,-0.0352706140819194,400 (100%),High,7,7,2,Contact,NA,NA,NA,No CH contact,Blade contact,1,Center,5,11,Direct,NA,NA,NA,NA,23.56,26.44,24.9,25.1,24.6,24.9,25.1,25.4,23.56,24.6,25.4,26.44,142.558,142.558,9.873,64.751,1.731,33.742,25,25,24.9,25.1,24.6,25.59,142.558,596.8,596.8,NA,225.6,NA,201.1,24.9625,24.9625,NA,25.3125,NA,25.557,0,On nadir,73.157517392268,NA,NA,NA,No GV contact,NA,NA,NA,NA,NA,NA,NA,NA,NA,0,0,0,0,0,NA,NA,NA,NA,NA,NA,NA,NA,NA,NA,NA,NA
B78-0716164443_imp,100_imp,B78,16/07,16:44:43,00:59:00,42.61,43.42,1015.6,1133,117.4,0.984639621898385,-0.0154795708483863,400 (100%),Low,3,2,6,No contact,Hub rotation,Pressure force,Center,No CH contact,No blade contact,0,NA,NA,NA,NA,NA,NA,NA,NA,41.98,44.86,43.32,43.52,43.02,43.32,43.52,43.82,41.98,43.02,43.82,44.86,96.131,96.131,4.38,56.159,1.889,22.528,43.43,43.43,43.22,43.69,42.09,44.01,80.817,85,13.5,NA,8,NA,85,44.22,43.4015,NA,43.661,NA,44.22,0.01,After nadir,36.6139666989056,NA,NA,NA,No GV contact,NA,NA,NA,NA,NA,NA,NA,NA,NA,0,0,0,0,0,NA,NA,NA,NA,NA,NA,NA,NA,NA,NA,NA,NA
B78-0716173218_imp,100_imp,B78,16/07,17:32:18,00:59:00,26.05,26.06,888.9,1163.3,274.4,1.12498593767578,0.117770535734508,400 (100%),High,1,1,6,Contact,NA,NA,NA,No CH contact,Blade contact,1,Near tip,5,13,Direct,NA,NA,NA,NA,24.62,27.5,25.96,26.16,25.66,25.96,26.16,26.46,24.62,25.66,26.46,27.5,226.895,226.895,3.902,154.226,0.999,34.098,26.08,26.08,25.8,26.19,24.88,26.55,102.97,404.3,404.3,NA,202.9,NA,40.3,26.0435,26.0435,NA,26.387,NA,26.8185,0.02,After nadir,82.866159218172,226.895,26.08,968.6,No GV contact,NA,NA,NA,NA,NA,NA,NA,NA,NA,0,0,1,0,0,NA,NA,NA,NA,NA,NA,NA,NA,NA,NA,NA,NA
B78-0716181522_imp,100_imp,B78,16/07,18:15:22,00:59:00,22.88,23.84,1025.1,1112.4,87.3000000000002,0.97551458394303,-0.0247901688072187,400 (100%),Low,1,1,5,No contact,Hub rotation,No pressure force,Near tip,No CH contact,No blade contact,0,NA,NA,NA,NA,NA,NA,NA,NA,22.4,25.28,23.74,23.94,23.44,23.74,23.94,24.24,22.4,23.44,24.24,25.28,140.267,57.906,6.889,140.267,0.674,98.33,24.08,23.9,23.64,24.08,22.65,24.24,46.368,207.8,NA,NA,207.8,NA,124.4,24.0805,NA,NA,24.0805,NA,24.5885,0.06,After nadir,27.1224855257633,140.267,24.08,1375,GV contact,98.33,24.24,1346.9,NA,NA,NA,NA,NA,NA,0,0,0,1,1,NA,NA,NA,NA,NA,NA,NA,NA,NA,NA,NA,NA
B78-0716184958_imp,100_imp,B78,16/07,18:49:58,00:59:00,36.27,36.3,1057.1,1140.9,83.8000000000002,0.945984296660676,-0.0555293097924802,400 (100%),High,4,4,7,No contact,Hub rotation,Pressure force,Center hub,No CH contact,No blade contact,0,NA,NA,NA,NA,NA,NA,NA,NA,34.86,37.74,36.2,36.4,35.9,36.2,36.4,36.7,34.86,35.9,36.7,37.74,172.23,114.145,3.581,170.578,1.163,172.23,36.72,36.3,36.08,36.7,35.9,36.72,114.145,432.1,16.8,NA,381.8,NA,432.1,37.193,36.275,NA,36.426,NA,37.193,0,On nadir,38.8905658115546,114.145,36.3,1057.1,No GV contact,172.23,36.72,1319.2,105.656,36.98,1325.9,NA,NA,NA,0,0,1,0,2,NA,NA,NA,NA,NA,NA,NA,NA,NA,NA,NA,NA
B78-0717115002_imp,100_imp,B78,17/07,11:50:02,00:59:00,23.91,23.93,1015.2,1123.6,108.4,0.985027580772262,-0.0150856374180409,400 (100%),Low,2,1,1,No contact,No hub rotation,Pressure force,Center,No CH contact,No blade contact,0,NA,NA,NA,NA,NA,NA,NA,NA,22.49,25.37,23.83,24.03,23.53,23.83,24.03,24.33,22.49,23.53,24.33,25.37,90.805,90.805,7.783,37.271,1.262,41.525,23.94,23.94,23.71,24.33,23.14,24.35,77.579,12.4,12.4,NA,7.3,NA,7.1,23.9095,23.9095,NA,24.296,NA,24.346,0.01,After nadir,35.0614753512958,NA,NA,NA,No GV contact,NA,NA,NA,NA,NA,NA,NA,NA,NA,0,0,0,0,0,NA,NA,NA,NA,NA,NA,NA,NA,NA,NA,NA,NA
B78-0717122800_imp,100_imp,B78,17/07,12:28:00,01:00:00,22.78,23.41,1053,1116.9,63.9000000000001,0.949667616334283,-0.0516432331518385,400 (100%),High,2,2,5,No contact,Hub rotation,No pressure force,Near hub,No CH contact,No blade contact,0,NA,NA,NA,NA,NA,NA,NA,NA,21.97,24.85,23.31,23.51,23.01,23.31,23.51,23.81,21.97,23.01,23.81,24.85,77.635,77.635,4.04,60.49,1.45,45.095,23.48,23.48,23.17,23.68,23.01,23.88,40.66,173.7,NA,NA,NA,NA,173.7,23.9155,NA,NA,NA,NA,23.9155,0.07,After nadir,34.9605441108088,NA,NA,NA,No GV contact,NA,NA,NA,NA,NA,NA,NA,NA,NA,0,0,0,0,0,NA,NA,NA,NA,NA,NA,NA,NA,NA,NA,NA,NA
B78-0717132150_imp,100_imp,B78,17/07,13:21:50,00:59:00,26.94,26.97,1037.6,1157.6,120,0.963762528912876,-0.036910354020097,400 (100%),Low,4,5,3,No contact,Hub rotation,Pressure force,Near hub,No CH contact,No blade contact,0,NA,NA,NA,NA,NA,NA,NA,NA,25.53,28.41,26.87,27.07,26.57,26.87,27.07,27.37,25.53,26.57,27.37,28.41,69.131,69.131,7.354,35.569,2.42,55.149,26.97,26.97,26.76,27.35,26.57,27.5,69.131,311.7,16.6,3.9,311.7,NA,170.6,27.355,26.937,26.854,27.355,NA,27.815,0,On nadir,35.2943526090965,NA,NA,NA,No GV contact,NA,NA,NA,NA,NA,NA,NA,NA,NA,0,0,0,0,0,NA,NA,NA,NA,NA,NA,NA,NA,NA,NA,NA,NA
B79-0716132503_imp,100_imp,B79,16/07,13:25:03,00:59:00,33.85,33.86,1010,1217.5,207.5,0.99009900990099,-0.00995033085316809,400 (100%),High,7,6,6,Contact,NA,NA,NA,No CH contact,Blade contact,1,Center,6,11,Indirect,NA,NA,NA,NA,32.42,35.3,33.76,33.96,33.46,33.76,33.96,34.26,32.42,33.46,34.26,35.3,142.857,142.857,5.801,70.131,4.582,46.862,33.87,33.87,33.52,34.18,33.46,34.8,127.936,601.1,601.1,NA,119.5,NA,117.8,33.8375,33.8375,NA,34.0245,NA,34.7735,0.01,After nadir,63.4485968534109,142.857,33.87,1059.6,No GV contact,NA,NA,NA,NA,NA,NA,NA,NA,NA,0,0,1,0,0,NA,NA,NA,NA,NA,NA,NA,NA,NA,NA,NA,NA
B61-0703140718_imp,100_imp,B61,03/07,14:07:18,00:59:00,20.21,21.08,832.1,989.5,157.4,1.20177863237592,0.183802653075753,500 (100%),High,4,4,1,No contact,No hub rotation,Pressure force,Center hub,No CH contact,No blade contact,0,NA,NA,NA,NA,NA,NA,NA,NA,19.64,22.52,20.98,21.18,20.68,20.98,21.18,21.48,19.64,20.68,21.48,22.52,213.276,111.439,4.236,213.276,1.607,102.425,21.37,21.14,20.9,21.37,20.17,21.59,74.612,410,14.6,NA,410,NA,217.7,21.428,21.115,NA,21.428,NA,21.794,0.06,After nadir,52.2513877254767,111.439,21.14,1245.7,GV contact,213.276,21.37,1334.3,102.425,21.59,1409,NA,NA,NA,0,0,1,1,1,NA,NA,NA,NA,NA,NA,NA,NA,NA,NA,NA,NA
B61-0703180049_imp,100_imp,B61,03/07,18:00:49,00:59:00,29.89,30.31,888,961,73,1.12612612612613,0.118783535989967,500 (100%),Low,4,3,6,No contact,Hub rotation,No pressure force,Near hub,No CH contact,No blade contact,0,NA,NA,NA,NA,NA,NA,NA,NA,28.87,31.75,30.21,30.41,29.91,30.21,30.41,30.71,28.87,29.91,30.71,31.75,175.017,148.852,8.744,175.017,0.553,145.864,30.47,30.41,30.13,30.47,29.27,30.73,57.111,520.8,235.9,NA,200.5,NA,520.8,30.7155,30.3795,NA,30.4295,NA,30.7155,0.1,After nadir,77.1207527814105,175.017,30.47,1306.9,GV contact,172.942,30.61,1339.1,145.864,30.73,1289.3,106.568,30.8,1311.6,0,0,0,2,2,NA,NA,NA,NA,NA,NA,NA,NA,NA,NA,NA,NA
B61-0704133030_imp,100_imp,B61,04/07,13:30:30,00:59:00,33.3,34.21,838.6,980.5,141.9,1.19246362985929,0.176021444245475,500 (100%),Low,2,2,6,No contact,No hub rotation,Pressure force,Near hub,No CH contact,No blade contact,0,NA,NA,NA,NA,NA,NA,NA,NA,32.77,35.65,34.11,34.31,33.81,34.11,34.31,34.61,32.77,33.81,34.61,35.65,160.353,155.876,3.34,160.353,2.052,43.126,34.32,34.31,33.99,34.32,32.8,34.61,88.288,31.2,18.5,NA,20,NA,31.2,34.677,34.3025,NA,34.387,NA,34.677,0.1,After nadir,81.5148785083932,160.353,34.32,1308.8,GV contact,150.384,34.39,1402.3,NA,NA,NA,NA,NA,NA,0,0,0,2,0,NA,NA,NA,NA,NA,NA,NA,NA,NA,NA,NA,NA
B62-0703140412_imp,100_imp,B62,03/07,14:04:12,00:59:00,19.13,19.73,895,982.1,87.1,1.11731843575419,0.110931560707282,500 (100%),High,4,4,1,No contact,No hub rotation,No pressure force,Center,No CH contact,No blade contact,0,NA,NA,NA,NA,NA,NA,NA,NA,18.29,21.17,19.63,19.83,19.33,19.63,19.83,20.13,18.29,19.33,20.13,21.17,112.644,112.644,23.877,50.529,0.629,41.483,19.79,19.79,19.6,19.87,19.21,20.18,13.59,69.9,69.9,NA,8.7,NA,21.4,19.7805,19.7805,NA,19.8425,NA,20.7045,0.06,After nadir,40.2940776051223,112.644,19.79,1246.5,No GV contact,NA,NA,NA,NA,NA,NA,NA,NA,NA,0,0,1,0,0,NA,NA,NA,NA,NA,NA,NA,NA,NA,NA,NA,NA
B62-0703174721_imp,100_imp,B62,03/07,17:47:21,01:00:00,28.62,28.65,876.3,985.3,109,1.14116170261326,0.132046780920332,500 (100%),High,6,7,6,No contact,No hub rotation,Pressure force,Near tip,No CH contact,No blade contact,0,NA,NA,NA,NA,NA,NA,NA,NA,27.21,30.09,28.55,28.75,28.25,28.55,28.75,29.05,27.21,28.25,29.05,30.09,111.177,111.177,4.111,56.281,1.329,53.069,28.65,28.65,28.42,28.87,28.25,29.1,111.177,171.3,14.2,NA,8.6,NA,171.3,29.146,28.626,NA,28.848,NA,29.146,0,On nadir,51.7426482659269,111.177,28.65,876.3,No GV contact,NA,NA,NA,NA,NA,NA,NA,NA,NA,0,0,1,0,0,NA,NA,NA,NA,NA,NA,NA,NA,NA,NA,NA,NA
B62-0703183930_imp,100_imp,B62,03/07,18:39:30,01:00:00,28.54,29.29,949.9,1049.2,99.3000000000001,1.0527423939362,0.0513985630860004,500 (100%),Low,6,5,5,Contact,NA,NA,NA,CH contact,No blade contact,1,Center hub,6,NA,Indirect,NA,NA,NA,NA,27.85,30.73,29.19,29.39,28.89,29.19,29.39,29.69,27.85,28.89,29.69,30.73,168.939,125.822,2.534,150.494,0.878,168.939,30.03,29.35,29.07,29.6,28.88,30.03,48.308,213.9,15,NA,195.9,NA,213.9,30.2485,29.334,NA,29.436,NA,30.2485,0.06,After nadir,51.287232055403,125.822,29.35,1216.9,GV contact,150.494,29.6,1398.7,126.74,29.81,1327.9,114.267,29.87,1316,0,0,1,1,3,168.939,30.03,1345.9,NA,NA,NA,NA,NA,NA,NA,NA,NA
B62-0704114942_imp,100_imp,B62,04/07,11:49:42,00:59:00,26.52,27.46,678.8,990.3,311.5,1.47318797878609,0.387428745622066,500 (100%),High,3,1,6,Contact,NA,NA,NA,No CH contact,Blade contact,1,Absolute tip,2,18,Direct,NA,NA,NA,NA,26.02,28.9,27.36,27.56,27.06,27.36,27.56,27.86,26.02,27.06,27.86,28.9,169.843,169.843,59.303,73.499,1.808,43.664,27.46,27.46,27.26,27.67,27.05,27.89,169.843,570.3,570.3,174,31.2,NA,208,27.4275,27.4275,27.287,27.6305,NA,27.941,0,On nadir,60.4925589863273,169.843,27.46,678.8,No GV contact,NA,NA,NA,NA,NA,NA,NA,NA,NA,0,0,1,0,0,NA,NA,NA,NA,NA,NA,NA,NA,NA,NA,NA,NA
B62-0704123518_imp,100_imp,B62,04/07,12:35:18,00:59:00,21.94,22.78,847.3,965,117.7,1.18021952083087,0.165700455777719,500 (100%),High,3,3,1,No contact,No hub rotation,Pressure force,Center hub,No CH contact,No blade contact,0,NA,NA,NA,NA,NA,NA,NA,NA,21.34,24.22,22.68,22.88,22.38,22.68,22.88,23.18,21.34,22.38,23.18,24.22,102.006,101.615,11.147,102.006,0.466,73.011,22.96,22.82,22.6,22.96,22.38,23.5,55.46,114,13,NA,13.9,4.8,114,23.4805,22.809,NA,22.947,21.4275,23.4805,0.04,After nadir,42.9251829266424,101.615,22.82,1084.2,GV contact,102.006,22.96,1337.8,NA,NA,NA,NA,NA,NA,0,0,1,1,0,NA,NA,NA,NA,NA,NA,NA,NA,NA,NA,NA,NA
B62-0704135530_imp,100_imp,B62,04/07,13:55:30,00:59:00,19.55,20.31,795.8,1027.2,231.4,1.25659713495853,0.228407380989309,500 (100%),High,7,5,7,No contact,Hub rotation,Pressure force,Center hub,No CH contact,No blade contact,0,NA,NA,NA,NA,NA,NA,NA,NA,18.87,21.75,20.21,20.41,19.91,20.21,20.41,20.71,18.87,19.91,20.71,21.75,152.453,152.453,5.896,122.362,2.375,40.283,20.32,20.32,20.08,20.58,19.91,21.33,89.095,465.5,27.7,NA,465.5,NA,56.9,20.549,20.286,NA,20.549,NA,20.7285,0.01,After nadir,55.1505479811311,152.453,20.32,853.6,GV contact,122.362,20.58,1393.2,NA,NA,NA,NA,NA,NA,0,0,1,1,0,NA,NA,NA,NA,NA,NA,NA,NA,NA,NA,NA,NA
B63-0703134337_imp,100_imp,B63,03/07,13:43:37,01:00:00,26.93,27.74,782,1004.7,222.7,1.27877237851662,0.245900538436826,500 (100%),Low,4,3,6,No contact,Hub rotation,Pressure force,Near hub,No CH contact,No blade contact,0,NA,NA,NA,NA,NA,NA,NA,NA,26.3,29.18,27.64,27.84,27.34,27.64,27.84,28.14,26.3,27.34,28.14,29.18,190.267,97.96,4.737,190.267,1.354,95.351,27.96,27.75,27.62,27.96,27.34,28.22,83.626,402.1,18.9,NA,402.1,NA,399.1,27.9755,27.72,NA,27.9755,NA,28.803,0.01,After nadir,41.025202688336,190.267,27.96,1417.9,GV contact,111.028,28.02,1372.1,NA,NA,NA,NA,NA,NA,0,0,0,2,0,NA,NA,NA,NA,NA,NA,NA,NA,NA,NA,NA,NA
B63-0703175355_imp,100_imp,B63,03/07,17:53:55,00:59:00,22.58,23.27,860.7,1006.4,145.7,1.16184500987568,0.150009267326708,500 (100%),Low,6,6,7,No contact,No hub rotation,Pressure force,Near hub,No CH contact,No blade contact,0,NA,NA,NA,NA,NA,NA,NA,NA,21.83,24.71,23.17,23.37,22.87,23.17,23.37,23.67,21.83,22.87,23.67,24.71,171.05,95.093,3.569,171.05,1.854,61.694,23.55,23.28,23.04,23.55,22.87,23.88,62.323,449.9,12.5,NA,449.9,NA,8.7,23.51,23.255,NA,23.51,NA,23.8555,0.01,After nadir,42.636050536293,171.05,23.55,1355.8,GV contact,NA,NA,NA,NA,NA,NA,NA,NA,NA,0,0,0,1,0,NA,NA,NA,NA,NA,NA,NA,NA,NA,NA,NA,NA
B63-0703183412_imp,100_imp,B63,03/07,18:34:12,01:00:00,30.08,30.1,835.8,1035.2,199.4,1.19645848289064,0.179365928968322,500 (100%),Low,1,1,1,No contact,No hub rotation,Pressure force,Center,No CH contact,No blade contact,0,NA,NA,NA,NA,NA,NA,NA,NA,28.66,31.54,30,30.2,29.7,30,30.2,30.5,28.66,29.7,30.5,31.54,190.529,190.529,7.517,93.582,0.163,60.335,30.11,30.11,29.87,30.42,28.78,30.86,108.479,174.7,49.6,NA,139.3,NA,174.7,31.4065,30.0785,NA,30.288,NA,31.4065,0.01,After nadir,63.4291375297024,190.529,30.11,908.7,No GV contact,NA,NA,NA,NA,NA,NA,NA,NA,NA,0,0,1,0,0,NA,NA,NA,NA,NA,NA,NA,NA,NA,NA,NA,NA
B63-0704115450_imp,100_imp,B63,04/07,11:54:50,00:59:00,24.89,24.91,757.7,1022.8,265.1,1.3197835554969,0.277467750044809,500 (100%),High,5,5,3,Contact,NA,NA,NA,CH contact,No blade contact,1,Center hub,6,NA,Indirect,NA,NA,NA,NA,23.47,26.35,24.81,25.01,24.51,24.81,25.01,25.31,23.47,24.51,25.31,26.35,211.868,211.868,7.535,86.803,0.222,30.259,24.92,24.92,24.81,25.23,23.95,25.41,197.223,470.3,470.3,NA,418.5,NA,171.6,24.9885,24.9885,NA,25.1565,NA,25.3885,0.01,After nadir,102.172294927082,211.868,24.92,844.4,No GV contact,NA,NA,NA,NA,NA,NA,NA,NA,NA,0,0,1,0,0,NA,NA,NA,NA,NA,NA,NA,NA,NA,NA,NA,NA
B63-0704134638_imp,100_imp,B63,04/07,13:46:38,00:59:00,19.19,19.21,861.8,1083.1,221.3,1.16036203295428,0.1487320538004,500 (100%),High,6,7,1,Contact,NA,NA,NA,No CH contact,Blade contact,1,Near tip,4,16,Direct,NA,NA,NA,NA,17.77,20.65,19.11,19.31,18.81,19.11,19.31,19.61,17.77,18.81,19.61,20.65,233.314,233.314,4.399,182.616,2.604,83.143,19.21,19.21,19.11,19.34,18.53,19.67,233.314,493.6,493.6,NA,309.6,NA,352.6,19.1745,19.1745,NA,19.334,NA,19.982,0,On nadir,109.63623051884301,233.314,19.21,861.8,GV contact,138.27,19.54,1276.7,NA,NA,NA,NA,NA,NA,0,0,1,1,0,NA,NA,NA,NA,NA,NA,NA,NA,NA,NA,NA,NA
B64-0703134039_imp,100_imp,B64,03/07,13:40:39,00:59:00,29.95,29.99,699.4,1108.8,409.4,1.42979696883043,0.357532454352862,500 (100%),Low,6,5,2,Contact,NA,NA,NA,No CH contact,Blade contact,1,Near tip,2,16,Direct,NA,NA,NA,NA,28.55,31.43,29.89,30.09,29.59,29.89,30.09,30.39,28.55,29.59,30.39,31.43,212.336,212.336,9.926,186.837,7.528,64.317,30.07,30.07,29.89,30.09,29.52,30.73,123.927,486,486,7.6,422.9,13.7,437,29.942,29.942,29.8815,30.1075,29.4945,30.718,0.08,After nadir,126.554843889348,212.336,30.07,1223.6,GV contact,178.523,30.14,1256.5,132.987,30.24,1339.8,NA,NA,NA,0,0,1,2,0,NA,NA,NA,NA,NA,NA,NA,NA,NA,NA,NA,NA
B64-0703174041_imp,100_imp,B64,03/07,17:40:41,00:59:00,28.49,29.15,894.2,1027.5,133.3,1.11831804965332,0.111825815182257,500 (100%),High,7,7,4,No contact,Hub rotation,No pressure force,Absolute tip,No CH contact,No blade contact,0,NA,NA,NA,NA,NA,NA,NA,NA,27.71,30.59,29.05,29.25,28.75,29.05,29.25,29.55,27.71,28.75,29.55,30.59,196.889,121.1,7.922,196.889,6.137,137.794,29.34,29.21,28.98,29.34,28.67,29.67,40.723,400.2,16.8,NA,400.2,NA,229.9,29.333,29.1855,NA,29.333,NA,29.924,0.06,After nadir,51.6442784647327,121.1,29.21,1308.8,GV contact,196.889,29.34,1404.8,137.794,29.67,1287.6,NA,NA,NA,0,0,1,1,1,NA,NA,NA,NA,NA,NA,NA,NA,NA,NA,NA,NA
B64-0703182655_imp,100_imp,B64,03/07,18:26:55,00:59:00,18.19,18.25,735.8,1181.2,445.4,1.35906496330525,0.306796936311463,500 (100%),Low,6,6,1,Contact,NA,NA,NA,No CH contact,Blade contact,1,Near hub,3,12,Direct,NA,NA,NA,NA,16.81,19.69,18.15,18.35,17.85,18.15,18.35,18.65,16.81,17.85,18.65,19.69,217.874,217.874,34.657,159.632,2.673,58.104,18.33,18.33,18.13,18.35,17.85,18.72,196.055,505.1,505.1,8.7,122.1,NA,9.3,18.1805,18.1805,18.1495,18.4035,NA,18.6885,0.08,After nadir,145.078068324642,217.874,18.33,1280.1,No GV contact,NA,NA,NA,NA,NA,NA,NA,NA,NA,0,0,1,0,0,NA,NA,NA,NA,NA,NA,NA,NA,NA,NA,NA,NA
B64-0704125625_imp,100_imp,B64,04/07,12:56:25,00:59:00,27.82,27.83,826.3,1106.3,280,1.2102142079148,0.190797375274998,500 (100%),Low,7,7,3,Contact,NA,NA,NA,No CH contact,Blade contact,1,Absolute tip,1,18,Direct,NA,NA,NA,NA,26.39,29.27,27.73,27.93,27.43,27.73,27.93,28.23,26.39,27.43,28.23,29.27,139.787,139.787,55.234,72.506,8.078,53.796,27.84,27.84,27.69,28.04,27.4,28.38,117.772,609.8,609.8,134.5,10.2,60.8,88.6,27.8045,27.8045,27.6835,28.022,27.38,28.269,0.01,After nadir,60.4035590610197,139.787,27.84,883,No GV contact,NA,NA,NA,NA,NA,NA,NA,NA,NA,0,0,1,0,0,NA,NA,NA,NA,NA,NA,NA,NA,NA,NA,NA,NA
B64-0704135354_imp,100_imp,B64,04/07,13:53:54,01:00:00,25.24,25.26,739.6,1043.6,304,1.35208220659816,0.301645779469167,500 (100%),High,6,5,3,No contact,Hub rotation,Pressure force,Center,No CH contact,No blade contact,0,NA,NA,NA,NA,NA,NA,NA,NA,23.82,26.7,25.16,25.36,24.86,25.16,25.36,25.66,23.82,24.86,25.66,26.7,210.138,210.138,5.786,105.471,2.164,38.296,25.26,25.26,25.16,25.39,24.86,25.77,210.138,386.8,41.3,NA,326.4,NA,386.8,26.1795,25.24,NA,25.5535,NA,26.1795,0,On nadir,103.88974772256,210.138,25.26,739.6,GV contact,105.471,25.39,1330.3,NA,NA,NA,NA,NA,NA,0,0,1,1,0,NA,NA,NA,NA,NA,NA,NA,NA,NA,NA,NA,NA
B65-0703141218_imp,100_imp,B65,03/07,14:12:18,01:00:00,23.54,24.47,850.4,1018.6,168.2,1.17591721542803,0.162048451954399,500 (100%),High,1,1,2,Contact,NA,NA,NA,No CH contact,Blade contact,1,Absolute tip,1,18,Direct,NA,NA,NA,NA,23.03,25.91,24.37,24.57,24.07,24.37,24.57,24.87,23.03,24.07,24.87,25.91,215.012,205.558,84.024,215.012,9.047,125.869,24.63,24.57,24.32,24.63,23.13,25.39,53.516,412.4,412.4,131.7,343.7,30.8,129.1,24.51,24.51,24.299,24.5855,23.113,24.9335,0.1,After nadir,85.5560948267276,215.012,24.63,1267.6,GV contact,125.869,25.39,1436.7,NA,NA,NA,NA,NA,NA,0,0,0,1,1,NA,NA,NA,NA,NA,NA,NA,NA,NA,NA,NA,NA
B65-0703175656_imp,100_imp,B65,03/07,17:56:56,00:59:00,26.35,26.36,817.8,962.7,144.9,1.2227928588897,0.201137471051595,500 (100%),Low,2,2,1,No contact,No hub rotation,Pressure force,Near hub,No CH contact,No blade contact,0,NA,NA,NA,NA,NA,NA,NA,NA,24.92,27.8,26.26,26.46,25.96,26.26,26.46,26.76,24.92,25.96,26.76,27.8,202.485,98.313,22.131,202.485,0.259,39.266,26.59,26.42,26.18,26.59,25.51,26.9,37.275,578.6,13.8,82.1,578.6,NA,36.1,26.669,26.397,26.1425,26.669,NA,27.1545,0.06,After nadir,43.3345985229223,98.313,26.42,1225.6,GV contact,202.485,26.59,1326.6,194.373,26.7,1409.2,NA,NA,NA,0,0,1,2,0,NA,NA,NA,NA,NA,NA,NA,NA,NA,NA,NA,NA
B65-0703184425_imp,100_imp,B65,03/07,18:44:25,01:00:00,28.36,29.01,911.3,985.5,74.2,1.09733347964446,0.092883127480056,500 (100%),High,2,2,7,Contact,NA,NA,NA,No CH contact,Blade contact,1,Near tip,2,16,Direct,NA,NA,NA,NA,27.57,30.45,28.91,29.11,28.61,28.91,29.11,29.41,27.57,28.61,29.41,30.45,161.177,161.177,17.75,131.143,0.726,60.128,29.07,29.07,28.84,29.13,27.99,29.71,31.502,588.9,588.9,43.6,185.1,NA,143.1,29.0395,29.0395,28.735,29.329,NA,29.7535,0.06,After nadir,70.6402648083264,161.177,29.07,1290.7,No GV contact,NA,NA,NA,NA,NA,NA,NA,NA,NA,0,0,1,0,0,NA,NA,NA,NA,NA,NA,NA,NA,NA,NA,NA,NA
B65-0704113651_imp,100_imp,B65,04/07,11:36:51,00:59:00,27.37,28.09,851.5,956.3,104.8,1.17439812096301,0.160755778879394,500 (100%),Low,2,2,1,No contact,No hub rotation,No pressure force,Near hub,No CH contact,No blade contact,0,NA,NA,NA,NA,NA,NA,NA,NA,26.65,29.53,27.99,28.19,27.69,27.99,28.19,28.49,26.65,27.69,28.49,29.53,110.028,108.102,43.276,110.028,1.414,99.689,28.29,28.13,27.96,28.29,27.31,28.72,39.14,405.2,108,143.7,14.7,NA,405.2,29.0225,28.141,27.9695,28.254,NA,29.0225,0.04,After nadir,43.7851496025112,108.102,28.13,1078.5,GV contact,110.028,28.29,1326.7,99.689,28.72,1320.3,NA,NA,NA,0,0,1,1,1,NA,NA,NA,NA,NA,NA,NA,NA,NA,NA,NA,NA
B65-0704122454_imp,100_imp,B65,04/07,12:24:54,00:59:00,17.02,17.76,854.8,998.3,143.5,1.16986429574169,0.156887755537145,500 (100%),High,4,3,7,No contact,Hub rotation,Pressure force,Near hub,No CH contact,No blade contact,0,NA,NA,NA,NA,NA,NA,NA,NA,16.32,19.2,17.66,17.86,17.36,17.66,17.86,18.16,16.32,17.36,18.16,19.2,162.162,105.612,3.909,147.252,1.489,162.162,18.23,17.82,17.65,18.15,16.5,18.23,58.424,517.4,13,NA,39.8,NA,517.4,18.361,17.798,NA,18.1005,NA,18.361,0.06,After nadir,53.2282704571278,112.264,17.96,1379.7,GV contact,157.239,18.18,1305.5,162.162,18.23,1337.4,NA,NA,NA,0,0,0,1,2,NA,NA,NA,NA,NA,NA,NA,NA,NA,NA,NA,NA
B65-0704135758_imp,100_imp,B65,04/07,13:57:58,01:00:00,19.35,19.94,912,1020.1,108.1,1.09649122807018,0.0921152889078057,500 (100%),High,7,7,5,No contact,Hub rotation,Pressure force,Absolute tip,No CH contact,No blade contact,0,NA,NA,NA,NA,NA,NA,NA,NA,18.5,21.38,19.84,20.04,19.54,19.84,20.04,20.34,18.5,19.54,20.34,21.38,156.059,156.059,5.123,117.02,1.345,80.274,20.02,20.02,19.75,20.04,19.41,20.4,39.712,533.2,533.2,NA,58.9,NA,64.6,19.9755,19.9755,NA,20.1745,NA,20.6125,0.08,After nadir,72.2150216288629,156.059,20.02,1370,GV contact,101.927,20.32,1332.9,NA,NA,NA,NA,NA,NA,0,0,1,1,0,NA,NA,NA,NA,NA,NA,NA,NA,NA,NA,NA,NA
B67-0703134817_imp,100_imp,B67,03/07,13:48:17,01:00:00,26.71,27.55,865.4,981,115.6,1.15553501271089,0.144563451191353,500 (100%),Low,4,4,2,No contact,Hub rotation,Pressure force,Center hub,No CH contact,No blade contact,0,NA,NA,NA,NA,NA,NA,NA,NA,26.11,28.99,27.45,27.65,27.15,27.45,27.65,27.95,26.11,27.15,27.95,28.99,138.579,138.579,3.328,106.748,0.768,84.789,27.6,27.6,27.35,27.7,27.15,28.41,51.529,116.5,18.6,NA,13.3,NA,116.5,28.6495,27.5825,NA,27.6715,NA,28.6495,0.05,After nadir,60.7586780339119,138.579,27.6,1193,GV contact,102.765,27.89,1369.1,NA,NA,NA,NA,NA,NA,0,0,1,1,0,NA,NA,NA,NA,NA,NA,NA,NA,NA,NA,NA,NA
B67-0703174220_imp,100_imp,B67,03/07,17:42:20,00:59:00,26.25,27.02,872.1,1001.9,129.8,1.14665749340672,0.136851182749197,500 (100%),High,6,4,6,Contact,NA,NA,NA,No CH contact,Blade contact,1,Pressure side,6,NA,Indirect,NA,NA,NA,NA,25.58,28.46,26.92,27.12,26.62,26.92,27.12,27.42,25.58,26.62,27.42,28.46,144.243,91.737,6.9,144.243,2.3,48.197,27.21,27.07,26.85,27.21,26.55,27.5,40.557,311.8,14.7,NA,311.8,NA,157.5,27.348,27.05,NA,27.348,NA,27.4255,0.05,After nadir,35.8018743164576,144.243,27.21,1324.1,GV contact,130.532,27.34,1360.5,NA,NA,NA,NA,NA,NA,0,0,0,2,0,NA,NA,NA,NA,NA,NA,NA,NA,NA,NA,NA,NA
B67-0703182811_imp,100_imp,B67,03/07,18:28:11,00:59:00,17.35,17.36,817.6,1074.3,256.7,1.22309197651663,0.201382059532697,500 (100%),Low,4,6,4,Contact,NA,NA,NA,No CH contact,Blade contact,1,Near tip,3,16,Direct,NA,NA,NA,NA,15.92,18.8,17.26,17.46,16.96,17.26,17.46,17.76,15.92,16.96,17.76,18.8,209.895,209.895,7.62,67.195,0.706,21.058,17.37,17.37,17.17,17.48,16.26,18.12,142.224,664.9,664.9,NA,105.1,NA,28.8,17.333,17.333,NA,17.505,NA,17.829,0.01,After nadir,81.2875773983068,209.895,17.37,852.6,No GV contact,NA,NA,NA,NA,NA,NA,NA,NA,NA,0,0,1,0,0,NA,NA,NA,NA,NA,NA,NA,NA,NA,NA,NA,NA
B67-0704112406_imp,100_imp,B67,04/07,11:24:06,00:59:00,53.43,53.45,770.3,1031.1,260.8,1.29819550824354,0.260975229623217,500 (100%),Low,4,5,6,Contact,NA,NA,NA,CH contact,No blade contact,1,Center hub,5,NA,Indirect,NA,NA,NA,NA,52.01,54.89,53.35,53.55,53.05,53.35,53.55,53.85,52.01,53.05,53.85,54.89,210.954,210.954,9.533,179.804,1.279,23.067,53.44,53.44,53.35,53.55,52.02,54.26,209.67,165.9,165.9,3.4,106.3,NA,58,53.5345,53.5345,53.3465,53.625,NA,54.439,-0.01,Before nadir,132.717412505992,210.954,53.44,809.4,No GV contact,NA,NA,NA,NA,NA,NA,NA,NA,NA,0,0,1,0,0,NA,NA,NA,NA,NA,NA,NA,NA,NA,NA,NA,NA
B67-0704122929_imp,100_imp,B67,04/07,12:29:29,00:59:00,23.78,23.8,762.3,1056.1,293.8,1.31181949363768,0.271415099987909,500 (100%),High,6,6,5,Contact,NA,NA,NA,No CH contact,Blade contact,1,Center,2,14,Indirect,NA,NA,NA,NA,22.36,25.24,23.7,23.9,23.4,23.7,23.9,24.2,22.36,23.4,24.2,25.24,200.242,200.242,2.525,126.005,1.26,95.751,23.86,23.86,23.53,24.19,22.59,24.22,96.365,590.2,590.2,NA,291.8,NA,463,23.7765,23.7765,NA,24.028,NA,24.2275,0.06,After nadir,97.2715500202055,200.242,23.86,1222.8,GV contact,126.005,24.19,1362.6,NA,NA,NA,NA,NA,NA,0,0,1,1,0,NA,NA,NA,NA,NA,NA,NA,NA,NA,NA,NA,NA
B67-0704133245_imp,100_imp,B67,04/07,13:32:45,00:59:00,22.26,22.9,902.6,966.8,64.1999999999999,1.10791048083315,0.102475791589236,500 (100%),Low,5,6,2,No contact,Hub rotation,Pressure force,Center,No CH contact,No blade contact,0,NA,NA,NA,NA,NA,NA,NA,NA,21.46,24.34,22.8,23,22.5,22.8,23,23.3,21.46,22.5,23.3,24.34,189.657,127.198,4.704,189.657,0.6,151.816,23.12,22.94,22.73,23.12,21.79,23.31,50.805,211.6,16.5,NA,211.6,NA,84.8,23.0415,22.931,NA,23.0415,NA,23.679,0.04,After nadir,66.9957303337487,189.657,23.12,1325,GV contact,151.816,23.31,1407.8,NA,NA,NA,NA,NA,NA,0,0,0,1,1,NA,NA,NA,NA,NA,NA,NA,NA,NA,NA,NA,NA
B68-0703133905_imp,100_imp,B68,03/07,13:39:05,00:59:00,29.62,30.56,863.4,988.6,125.2,1.15821172110262,0.14687719586076,500 (100%),Low,4,4,2,No contact,No hub rotation,Pressure force,Center,No CH contact,No blade contact,0,NA,NA,NA,NA,NA,NA,NA,NA,29.12,32,30.46,30.66,30.16,30.46,30.66,30.96,29.12,30.16,30.96,32,176.884,176.884,3.449,102.693,2.461,162.748,30.57,30.57,30.32,30.75,30.16,31.17,163.902,410.7,260.5,NA,212.8,NA,410.7,31.21,30.652,NA,30.9265,NA,31.21,0.01,After nadir,89.3360467203415,176.884,30.57,897.7,GV contact,102.693,30.75,1413.3,162.748,31.17,1370.9,123.693,31.46,1389.8,0,0,1,1,2,NA,NA,NA,NA,NA,NA,NA,NA,NA,NA,NA,NA
B68-0703175851_imp,100_imp,B68,03/07,17:58:51,00:59:00,24.74,25.52,793.9,975,181.1,1.25960448419196,0.230797770251069,500 (100%),Low,3,2,2,No contact,No hub rotation,Pressure force,Center,No CH contact,No blade contact,0,NA,NA,NA,NA,NA,NA,NA,NA,24.08,26.96,25.42,25.62,25.12,25.42,25.62,25.92,24.08,25.12,25.92,26.96,194.163,164.737,5.417,194.163,0.413,37.708,25.75,25.53,25.35,25.75,24.8,26.12,140.678,280.7,34.5,NA,27.6,NA,280.7,26.9305,25.5085,NA,25.727,NA,26.9305,0.01,After nadir,63.3232067337688,164.737,25.53,822,GV contact,194.163,25.75,1063.3,112.356,25.83,1429.8,NA,NA,NA,0,0,1,2,0,NA,NA,NA,NA,NA,NA,NA,NA,NA,NA,NA,NA
B68-0703184621_imp,100_imp,B68,03/07,18:46:21,00:59:00,34.91,34.93,880.2,1032.2,152,1.13610543058396,0.127606124605146,500 (100%),High,4,5,6,Contact,NA,NA,NA,CH contact,No blade contact,1,Center hub,5,NA,Indirect,NA,NA,NA,NA,33.49,36.37,34.83,35.03,34.53,34.83,35.03,35.33,33.49,34.53,35.33,36.37,208.039,208.039,8.987,169.563,0.777,180.611,34.93,34.93,34.83,35.11,34.53,35.49,208.039,566.5,535.8,2.7,21.5,NA,566.5,35.493,34.926,34.828,35.094,NA,35.493,0,On nadir,99.4669930761911,208.039,34.93,880.2,GV contact,169.563,35.11,1476.6,180.611,35.49,1332.1,111.493,35.54,1353.8,0,0,1,1,2,NA,NA,NA,NA,NA,NA,NA,NA,NA,NA,NA,NA
B68-0704115116_imp,100_imp,B68,04/07,11:51:16,01:00:00,33.83,33.84,701.4,998.7,297.3,1.42571998859424,0.354676941276059,500 (100%),High,2,2,1,Contact,NA,NA,NA,No CH contact,Blade contact,1,Center,3,14,Indirect,NA,NA,NA,NA,32.4,35.28,33.74,33.94,33.44,33.74,33.94,34.24,32.4,33.44,34.24,35.28,163.248,163.248,6.878,52.7,2.903,24.6,33.85,33.85,33.63,34.06,33.44,34.46,129.138,343.2,343.2,NA,8.6,NA,6.1,33.826,33.826,NA,34.0385,NA,34.4375,0.01,After nadir,65.4507391998709,163.248,33.85,802.3,No GV contact,NA,NA,NA,NA,NA,NA,NA,NA,NA,0,0,1,0,0,NA,NA,NA,NA,NA,NA,NA,NA,NA,NA,NA,NA
B68-0704134408_imp,100_imp,B68,04/07,13:44:08,01:00:00,26.72,27.63,915.4,1018.8,103.4,1.0924186148132,0.0883941507625954,500 (100%),Low,6,6,5,No contact,No hub rotation,Pressure force,Center,No CH contact,No blade contact,0,NA,NA,NA,NA,NA,NA,NA,NA,26.19,29.07,27.53,27.73,27.23,27.53,27.73,28.03,26.19,27.23,28.03,29.07,156.815,144.433,2.538,156.815,0.868,67.999,27.78,27.7,27.35,27.78,27.23,28.06,122.451,301.6,18.8,NA,20.4,NA,301.6,28.0475,27.6075,NA,27.755,NA,28.0475,0.07,After nadir,92.0240463243426,144.433,27.7,1223.7,GV contact,156.815,27.78,1300.2,NA,NA,NA,NA,NA,NA,0,0,1,1,0,NA,NA,NA,NA,NA,NA,NA,NA,NA,NA,NA,NA
B69-0703140920_imp,100_imp,B69,03/07,14:09:20,00:59:00,21.05,21.07,764,1228,464,1.30890052356021,0.269187489815617,500 (100%),High,6,5,2,Contact,NA,NA,NA,No CH contact,Blade contact,1,Center,5,14,Direct,NA,NA,NA,NA,19.63,22.51,20.97,21.17,20.67,20.97,21.17,21.47,19.63,20.67,21.47,22.51,190.812,190.812,4.778,161.96,7.002,60.64,21.07,21.07,20.97,21.17,19.89,21.6,190.812,566.8,566.8,4.3,13.5,16.8,144.4,21.036,21.036,20.8265,21.2115,19.8665,21.704,0,On nadir,119.913430474417,190.812,21.07,764,No GV contact,NA,NA,NA,NA,NA,NA,NA,NA,NA,0,0,1,0,0,NA,NA,NA,NA,NA,NA,NA,NA,NA,NA,NA,NA
B69-0703174917_imp,100_imp,B69,03/07,17:49:17,00:59:00,28.87,28.92,725.5,1189.2,463.7,1.37835975189524,0.320894206657894,500 (100%),Low,4,4,6,Contact,NA,NA,NA,No CH contact,Blade contact,2,Near hub,2,12,Direct,Near hub,3,12,Indirect,27.48,30.36,28.82,29.02,28.52,28.82,29.02,29.32,27.48,28.52,29.32,30.36,195.558,195.558,43.674,159.648,1.192,60.426,28.92,28.92,28.81,29.1,28.52,29.32,195.558,566.1,566.1,7.6,23.1,NA,7.3,28.8575,28.8575,28.818,29.0695,NA,29.3335,0,On nadir,133.135656086815,195.558,28.92,725.5,GV contact,159.648,29.1,1390.5,133.322,29.26,1331.6,NA,NA,NA,0,0,1,2,0,NA,NA,NA,NA,NA,NA,NA,NA,NA,NA,NA,NA
B69-0703182956_imp,100_imp,B69,03/07,18:29:56,00:59:00,16.9,16.93,918.5,1035.6,117.1,1.08873162765378,0.0850133743269567,500 (100%),Low,4,5,2,No contact,Hub rotation,Pressure force,Near hub,No CH contact,No blade contact,0,NA,NA,NA,NA,NA,NA,NA,NA,15.49,18.37,16.83,17.03,16.53,16.83,17.03,17.33,15.49,16.53,17.33,18.37,139.473,139.473,4.707,71.625,0.133,74.545,16.97,16.97,16.83,17.19,15.65,17.68,129.072,165.8,17,NA,165.8,NA,158.4,17.2,16.913,NA,17.2,NA,17.6305,0.04,After nadir,88.0581191072935,139.473,16.97,1182.9,No GV contact,NA,NA,NA,NA,NA,NA,NA,NA,NA,0,0,1,0,0,NA,NA,NA,NA,NA,NA,NA,NA,NA,NA,NA,NA
B69-0704114624_imp,100_imp,B69,04/07,11:46:24,00:59:00,25.53,26.46,850.6,958.8,108.2,1.17564072419469,0.161813296162604,500 (100%),High,2,2,2,No contact,No hub rotation,Pressure force,Center,No CH contact,No blade contact,0,NA,NA,NA,NA,NA,NA,NA,NA,25.02,27.9,26.36,26.56,26.06,26.36,26.56,26.86,25.02,26.06,26.86,27.9,154.151,154.151,13.744,118.868,3.352,44.234,26.46,26.46,26.28,26.65,25.56,26.98,154.151,316.1,25.5,NA,316.1,NA,91.9,26.5875,26.439,NA,26.5875,NA,27.405,0,On nadir,70.4480804767393,154.151,26.46,850.6,GV contact,118.868,26.65,1325,NA,NA,NA,NA,NA,NA,0,0,1,1,0,NA,NA,NA,NA,NA,NA,NA,NA,NA,NA,NA,NA
B69-0704124202_imp,100_imp,B69,04/07,12:42:02,00:59:00,24.93,25.86,909.1,991.7,82.6,1.09998900011,0.0953001798543244,500 (100%),Low,6,6,6,No contact,No hub rotation,Pressure force,Center,No CH contact,No blade contact,0,NA,NA,NA,NA,NA,NA,NA,NA,24.42,27.3,25.76,25.96,25.46,25.76,25.96,26.26,24.42,25.46,26.26,27.3,132.631,132.631,4.497,80.655,1.028,74.407,25.85,25.85,25.76,26.06,25.46,26.31,100.407,306.5,19.7,NA,198.4,NA,306.5,26.5965,25.829,NA,26.1285,NA,26.5965,-0.01,Before nadir,71.3262123058891,132.631,25.85,913,No GV contact,NA,NA,NA,NA,NA,NA,NA,NA,NA,0,0,1,0,0,NA,NA,NA,NA,NA,NA,NA,NA,NA,NA,NA,NA
B69-0704134239_imp,100_imp,B69,04/07,13:42:39,00:59:00,23.68,23.69,768.7,1077.9,309.2,1.30089761935736,0.263054502627051,500 (100%),Low,2,2,1,Contact,NA,NA,NA,No CH contact,Blade contact,1,Absolute tip,4,18,Direct,NA,NA,NA,NA,22.25,25.13,23.59,23.79,23.29,23.59,23.79,24.09,22.25,23.29,24.09,25.13,155.015,155.015,22.254,104.765,2.595,65.237,23.7,23.7,23.48,24.05,22.84,24.15,99.49,442.1,442.1,6.6,81.9,24.7,377.1,23.669,23.669,23.46,23.887,22.807,24.134,0.01,After nadir,60.9868502961714,155.015,23.7,815.1,GV contact,104.765,24.05,1421.6,NA,NA,NA,NA,NA,NA,0,0,1,1,0,NA,NA,NA,NA,NA,NA,NA,NA,NA,NA,NA,NA
B74-0703135949_imp,100_imp,B74,03/07,13:59:49,00:59:00,23.93,24.52,857.2,989.6,132.4,1.16658889407373,0.154084015382715,500 (100%),High,5,5,4,No contact,No hub rotation,Pressure force,Near hub,No CH contact,No blade contact,0,NA,NA,NA,NA,NA,NA,NA,NA,23.08,25.96,24.42,24.62,24.12,24.42,24.62,24.92,23.08,24.12,24.92,25.96,189.403,125.716,5.102,189.403,0.495,110.805,24.8,24.53,24.35,24.8,23.3,24.94,69.089,66.5,25.4,NA,23.5,NA,66.5,25.3055,24.504,NA,24.774,NA,25.3055,0.01,After nadir,53.6751037362317,125.716,24.53,858.4,GV contact,189.403,24.8,1341.3,110.805,24.94,1314.1,NA,NA,NA,0,0,1,1,1,NA,NA,NA,NA,NA,NA,NA,NA,NA,NA,NA,NA
B74-0703183215_imp,100_imp,B74,03/07,18:32:15,00:59:00,25.29,25.32,916.7,1078.7,162,1.09086942293008,0.0869750140144071,500 (100%),Low,6,5,6,Contact,NA,NA,NA,CH contact,No blade contact,1,Center hub,4,NA,Indirect,NA,NA,NA,NA,23.88,26.76,25.22,25.42,24.92,25.22,25.42,25.72,23.88,24.92,25.72,26.76,231.406,231.406,7.101,206.262,5.183,54.932,25.33,25.33,25.22,25.58,24.05,25.73,230.283,599.6,113.4,4.1,599.6,12.7,90,25.5395,25.3555,25.0245,25.5395,24.032,25.8235,0.01,After nadir,119.870404316296,231.406,25.33,963.7,GV contact,206.262,25.58,1362.7,NA,NA,NA,NA,NA,NA,0,0,1,1,0,NA,NA,NA,NA,NA,NA,NA,NA,NA,NA,NA,NA
B74-0704112054_imp,100_imp,B74,04/07,11:20:54,01:00:00,20.24,20.27,617.7,1157.4,539.7,1.61890885543144,0.481752376280284,500 (100%),Low,7,5,6,Contact,NA,NA,NA,No CH contact,Blade contact,1,Near hub,5,12,Indirect,NA,NA,NA,NA,18.83,21.71,20.17,20.37,19.87,20.17,20.37,20.67,18.83,19.87,20.67,21.71,213.221,213.221,12.353,144.891,3.902,60.089,20.27,20.27,20.17,20.47,19.87,21,213.221,488.5,488.5,6.1,293.1,NA,82.5,20.231,20.231,20.162,20.5495,NA,20.8715,0,On nadir,119.562262034314,213.221,20.27,617.7,GV contact,144.891,20.47,1307.4,NA,NA,NA,NA,NA,NA,0,0,1,1,0,NA,NA,NA,NA,NA,NA,NA,NA,NA,NA,NA,NA
B74-0704125002_imp,100_imp,B74,04/07,12:50:02,00:59:00,30.01,30.73,790.4,964.5,174.1,1.26518218623482,0.235216132548479,500 (100%),Low,1,1,2,No contact,No hub rotation,Pressure force,Near tip,No CH contact,No blade contact,0,NA,NA,NA,NA,NA,NA,NA,NA,29.29,32.17,30.63,30.83,30.33,30.63,30.83,31.13,29.29,30.33,31.13,32.17,109.349,109.349,8.962,56.307,0.154,38.306,30.73,30.73,30.57,31.05,29.44,31.22,109.349,161.8,16.6,NA,8.5,NA,161.8,31.1655,30.7035,NA,31.0355,NA,31.1655,0,On nadir,44.9896146460491,109.349,30.73,790.4,No GV contact,NA,NA,NA,NA,NA,NA,NA,NA,NA,0,0,1,0,0,NA,NA,NA,NA,NA,NA,NA,NA,NA,NA,NA,NA
B74-0704134740_imp,100_imp,B74,04/07,13:47:40,00:59:00,17.99,18.39,894.7,973.6,78.9,1.11769308147983,0.111266812428587,500 (100%),High,6,6,1,Contact,NA,NA,NA,No CH contact,Blade contact,1,Absolute tip,4,18,Direct,NA,NA,NA,NA,16.95,19.83,18.29,18.49,17.99,18.29,18.49,18.79,16.95,17.99,18.79,19.83,190.774,190.774,27.804,77.74,0.852,31.157,18.45,18.45,18.28,18.52,17.99,18.8,10.972,478.3,478.3,NA,130.5,NA,66.5,18.4175,18.4175,NA,18.6735,NA,18.866,0.06,After nadir,60.2039484569702,190.774,18.45,922.3,No GV contact,NA,NA,NA,NA,NA,NA,NA,NA,NA,0,0,1,0,0,NA,NA,NA,NA,NA,NA,NA,NA,NA,NA,NA,NA
B75-0703173825_imp,100_imp,B75,03/07,17:38:25,00:59:00,25.97,26.67,897.2,1002.7,105.5,1.11457868925546,0.108476476336084,500 (100%),High,7,7,6,No contact,No hub rotation,Pressure force,Absolute tip,No CH contact,No blade contact,0,NA,NA,NA,NA,NA,NA,NA,NA,25.23,28.11,26.57,26.77,26.27,26.57,26.77,27.07,25.23,26.27,27.07,28.11,119.708,119.708,8.054,70.218,1.359,72.579,26.74,26.74,26.46,26.81,25.76,27.32,44.082,327.6,16.2,NA,50.4,NA,327.6,27.2835,26.7155,NA,26.9845,NA,27.2835,0.07,After nadir,44.7904287033354,119.708,26.74,1334.2,No GV contact,NA,NA,NA,NA,NA,NA,NA,NA,NA,0,0,1,0,0,NA,NA,NA,NA,NA,NA,NA,NA,NA,NA,NA,NA
B75-0703185450_imp,100_imp,B75,03/07,18:54:50,00:59:00,26.54,26.56,876,1016,140,1.14155251141553,0.132389188045746,500 (100%),High,2,3,1,No contact,No hub rotation,Pressure force,Center hub,No CH contact,No blade contact,0,NA,NA,NA,NA,NA,NA,NA,NA,25.12,28,26.46,26.66,26.16,26.46,26.66,26.96,25.12,26.16,26.96,28,105.069,87.359,22.077,105.069,1.383,83.799,26.78,26.62,26.39,26.78,25.12,27.08,68.311,315.2,13.4,126.4,108.7,4.5,315.2,27.012,26.539,26.423,26.9215,25.7165,27.012,0.06,After nadir,43.0751246981585,105.069,26.78,1339.3,GV contact,NA,NA,NA,NA,NA,NA,NA,NA,NA,0,0,0,1,0,NA,NA,NA,NA,NA,NA,NA,NA,NA,NA,NA,NA
B75-0704113004_imp,100_imp,B75,04/07,11:30:04,01:00:00,27.18,27.2,812.5,1139.8,327.3,1.23076923076923,0.207639364778245,500 (100%),Low,7,7,2,Contact,NA,NA,NA,No CH contact,Blade contact,1,Absolute tip,2,18,Direct,NA,NA,NA,NA,25.76,28.64,27.1,27.3,26.8,27.1,27.3,27.6,25.76,26.8,27.6,28.64,208.769,208.769,12.971,85.804,2.326,21.842,27.19,27.19,27.1,27.33,26.59,27.62,120.703,479.1,479.1,86.8,151.8,NA,5.9,27.146,27.146,26.9445,27.3215,NA,28.178,-0.01,Before nadir,103.260310423752,208.769,27.19,909,No GV contact,NA,NA,NA,NA,NA,NA,NA,NA,NA,0,0,1,0,0,NA,NA,NA,NA,NA,NA,NA,NA,NA,NA,NA,NA
B75-0704125416_imp,100_imp,B75,04/07,12:54:16,01:00:00,24.44,24.47,848.5,1127.7,279.2,1.17855038302887,0.164285194307856,500 (100%),Low,5,4,2,Contact,NA,NA,NA,No CH contact,Blade contact,1,Center,5,14,Direct,NA,NA,NA,NA,23.03,25.91,24.37,24.57,24.07,24.37,24.57,24.87,23.03,24.07,24.87,25.91,249.465,249.465,21.813,142.922,1.443,29.735,24.46,24.46,24.37,24.61,23.12,24.98,145.906,570.9,570.9,6.6,18.3,NA,5.4,24.4155,24.4155,24.366,24.582,NA,24.97,-0.01,Before nadir,108.255960917809,249.465,24.46,876,GV contact,142.922,24.61,1341.9,NA,NA,NA,NA,NA,NA,0,0,1,1,0,NA,NA,NA,NA,NA,NA,NA,NA,NA,NA,NA,NA
B75-0704134011_imp,100_imp,B75,04/07,13:40:11,00:59:00,24.88,25.37,887.4,970.8,83.4,1.12688753662384,0.119459440037328,500 (100%),Low,4,4,6,Contact,NA,NA,NA,CH contact,No blade contact,1,Center hub,2,NA,Indirect,NA,NA,NA,NA,23.93,26.81,25.27,25.47,24.97,25.27,25.47,25.77,23.93,24.97,25.77,26.81,183.576,183.576,11.576,160.487,2.863,121.311,25.36,25.36,25.27,25.48,24.9,26.17,178.224,118,26.8,5.7,11.4,NA,118,26.539,25.35,25.2695,25.4845,NA,26.539,-0.01,Before nadir,119.808259409815,183.576,25.36,918.8,No GV contact,103.256,26.09,1342.9,121.311,26.17,1319.1,NA,NA,NA,0,0,1,0,2,NA,NA,NA,NA,NA,NA,NA,NA,NA,NA,NA,NA
B76-0703140137_imp,100_imp,B76,03/07,14:01:37,00:59:00,56,56.58,878.8,1000.7,121.9,1.13791533909877,0.129197938471682,500 (100%),High,4,3,6,No contact,Hub rotation,Pressure force,Near hub,No CH contact,No blade contact,0,NA,NA,NA,NA,NA,NA,NA,NA,55.14,58.02,56.48,56.68,56.18,56.48,56.68,56.98,55.14,56.18,56.98,58.02,129.08,129.08,3.235,116.467,3.125,116.201,56.58,56.58,56.35,56.97,55.93,56.98,129.08,19.2,19.2,NA,16.4,NA,18.5,56.5625,56.5625,NA,56.9485,NA,57.601,0,On nadir,69.3196808101354,129.08,56.58,878.8,GV contact,116.467,56.97,1404.5,NA,NA,NA,NA,NA,NA,0,0,1,1,0,NA,NA,NA,NA,NA,NA,NA,NA,NA,NA,NA,NA
B76-0703175218_imp,100_imp,B76,03/07,17:52:18,00:59:00,28.31,28.34,901.8,947.7,45.9000000000001,1.10889332446219,0.103362512995153,500 (100%),Low,4,4,6,No contact,Hub rotation,No pressure force,Center hub,No CH contact,No blade contact,0,NA,NA,NA,NA,NA,NA,NA,NA,26.9,29.78,28.24,28.44,27.94,28.24,28.44,28.74,26.9,27.94,28.74,29.78,197.667,197.667,8.454,179.283,0.973,73.974,28.42,28.42,28.23,28.45,27.26,28.76,49.63,133.9,97.6,4.5,63.2,68.4,133.9,29.1865,28.4145,28.193,28.5805,27.2125,29.1865,0.08,After nadir,95.6794017607014,197.667,28.42,1186.6,No GV contact,NA,NA,NA,NA,NA,NA,NA,NA,NA,0,0,1,0,0,NA,NA,NA,NA,NA,NA,NA,NA,NA,NA,NA,NA
B76-0703184838_imp,100_imp,B76,03/07,18:48:38,01:00:00,30.42,30.45,713.2,1224.5,511.3,1.40213123948402,0.337993392993152,500 (100%),High,5,3,4,Contact,NA,NA,NA,No CH contact,Blade contact,1,Center,2,14,Direct,NA,NA,NA,NA,29.01,31.89,30.35,30.55,30.05,30.35,30.55,30.85,29.01,30.05,30.85,31.89,226.883,226.883,14.335,163.123,16.308,33.566,30.46,30.46,30.35,30.55,29.79,30.92,209.438,523.9,523.9,8.4,13.6,66.6,60.8,30.534,30.534,30.3465,30.678,29.7695,31.3975,0.01,After nadir,115.97934083727,226.883,30.46,750.3,GV contact,163.123,30.55,1448,105.482,30.7,1358.3,NA,NA,NA,0,0,1,2,0,NA,NA,NA,NA,NA,NA,NA,NA,NA,NA,NA,NA
B76-0704113249_imp,100_imp,B76,04/07,11:32:49,00:59:00,25.98,26.02,785.4,1135.5,350.1,1.27323656735421,0.241562136838228,500 (100%),Low,3,4,5,Contact,NA,NA,NA,No CH contact,Blade contact,1,Near tip,3,16,Direct,NA,NA,NA,NA,24.58,27.46,25.92,26.12,25.62,25.92,26.12,26.42,24.58,25.62,26.42,27.46,230.96,230.96,5.918,150.906,1.765,36.019,26,26,25.91,26.2,25.29,26.5,167.556,484.2,484.2,6.5,424.3,NA,7.2,25.9705,25.9705,25.9195,26.1445,NA,26.4895,-0.02,Before nadir,122.739724144417,200.542,26.04,860.8,No GV contact,NA,NA,NA,NA,NA,NA,NA,NA,NA,0,0,1,0,0,NA,NA,NA,NA,NA,NA,NA,NA,NA,NA,NA,NA
B76-0704123317_imp,100_imp,B76,04/07,12:33:17,01:00:00,25.67,25.69,758.4,1075.5,317.1,1.31856540084388,0.276544328041325,500 (100%),High,6,6,6,Contact,NA,NA,NA,No CH contact,Blade contact,1,Center,6,14,Indirect,NA,NA,NA,NA,24.25,27.13,25.59,25.79,25.29,25.59,25.79,26.09,24.25,25.29,26.09,27.13,190.657,190.657,6.153,120.53,2.449,92.509,25.68,25.68,25.59,26.02,24.32,26.3,117.565,418.8,411.3,NA,418.8,NA,144.2,26.034,25.668,NA,26.034,NA,26.2285,-0.01,Before nadir,85.9288382026497,190.657,25.68,1010.7,GV contact,120.53,26.02,1330.5,NA,NA,NA,NA,NA,NA,0,0,1,1,0,NA,NA,NA,NA,NA,NA,NA,NA,NA,NA,NA,NA
B76-0704132834_imp,100_imp,B76,04/07,13:28:34,01:00:00,30.33,30.34,808.2,1028.7,220.5,1.23731749566939,0.212945726337764,500 (100%),Low,2,2,6,No contact,Hub rotation,Pressure force,Near hub,No CH contact,No blade contact,0,NA,NA,NA,NA,NA,NA,NA,NA,28.9,31.78,30.24,30.44,29.94,30.24,30.44,30.74,28.9,29.94,30.74,31.78,183.373,183.373,7.575,99.763,1.53,44.243,30.35,30.35,30.23,30.54,29.93,30.88,157.258,441.3,441.3,NA,237.2,NA,169,30.3455,30.3455,NA,30.4575,NA,31.5635,0.01,After nadir,100.916359579652,183.373,30.35,813,GV contact,99.763,30.54,1445.5,NA,NA,NA,NA,NA,NA,0,0,1,1,0,NA,NA,NA,NA,NA,NA,NA,NA,NA,NA,NA,NA
B77-0703133322_imp,100_imp,B77,03/07,13:33:22,00:59:00,35.98,36.9,851.4,984.7,133.3,1.17453605825699,0.160873225588085,500 (100%),Low,3,2,6,No contact,Hub rotation,Pressure force,Near hub,No CH contact,No blade contact,0,NA,NA,NA,NA,NA,NA,NA,NA,35.46,38.34,36.8,37,36.5,36.8,37,37.3,35.46,36.5,37.3,38.34,228.592,156.168,5.036,228.592,0.96,112.691,37.17,37,36.72,37.17,35.46,37.33,83.652,386.3,88.6,NA,386.3,5,133.9,37.1135,36.99,NA,37.1135,35.6,37.515,0.1,After nadir,74.1266034205444,183.173,37.09,1365.1,GV contact,228.592,37.17,1281.5,112.691,37.33,1339.2,NA,NA,NA,0,0,0,2,1,NA,NA,NA,NA,NA,NA,NA,NA,NA,NA,NA,NA
B77-0703173716_imp,100_imp,B77,03/07,17:37:16,01:00:00,29.92,29.94,858.2,1172.1,313.9,1.16522955022139,0.152918106424713,500 (100%),High,2,3,2,Contact,NA,NA,NA,No CH contact,Blade contact,1,Near hub,3,12,Indirect,NA,NA,NA,NA,28.5,31.38,29.84,30.04,29.54,29.84,30.04,30.34,28.5,29.54,30.34,31.38,236.072,236.072,8.947,150.166,0.806,189.536,29.94,29.94,29.83,30.19,28.68,30.47,236.072,448.8,448.8,5,17.6,NA,421.8,29.903,29.903,29.838,30.1765,NA,31.074,0,On nadir,108.332433959856,236.072,29.94,858.2,GV contact,150.166,30.19,1291.8,189.536,30.47,1340.4,NA,NA,NA,0,0,1,1,1,NA,NA,NA,NA,NA,NA,NA,NA,NA,NA,NA,NA
B77-0703183749_imp,100_imp,B77,03/07,18:37:49,00:59:00,29.88,29.89,854.3,1020,165.7,1.17054898747513,0.157472858824564,500 (100%),Low,1,1,1,No contact,No hub rotation,Pressure force,Near tip,No CH contact,No blade contact,0,NA,NA,NA,NA,NA,NA,NA,NA,28.45,31.33,29.79,29.99,29.49,29.79,29.99,30.29,28.45,29.49,30.29,31.33,169.117,169.117,7.641,141.76,1.801,99.443,29.9,29.9,29.68,30.17,28.8,30.33,90.269,512.1,23.7,NA,512.1,NA,13.8,30.139,29.878,NA,30.139,NA,30.308,0.01,After nadir,61.272814409546,169.117,29.9,876.3,GV contact,141.76,30.17,1379.5,99.443,30.33,1431.3,NA,NA,NA,0,0,1,1,1,NA,NA,NA,NA,NA,NA,NA,NA,NA,NA,NA,NA
B77-0704114806_imp,100_imp,B77,04/07,11:48:06,00:59:00,28.36,28.39,561.3,1054,492.7,1.78157847853198,0.577499757033983,500 (100%),High,2,3,6,Contact,NA,NA,NA,No CH contact,Blade contact,1,Near hub,5,12,Indirect,NA,NA,NA,NA,26.95,29.83,28.29,28.49,27.99,28.29,28.49,28.79,26.95,27.99,28.79,29.83,152.809,152.809,13.12,134.186,1.399,60.28,28.48,28.48,28.29,28.56,26.96,28.81,68.026,568.9,568.9,8.3,382.5,NA,560.5,28.3515,28.3515,28.2875,28.515,NA,29.011,0.09,After nadir,106.136547858116,152.809,28.48,1148.4,No GV contact,NA,NA,NA,NA,NA,NA,NA,NA,NA,0,0,1,0,0,NA,NA,NA,NA,NA,NA,NA,NA,NA,NA,NA,NA
B77-0704122348_imp,100_imp,B77,04/07,12:23:48,00:59:00,16.35,17.29,835.1,1010.2,175.1,1.19746138187043,0.180203800822953,500 (100%),High,6,5,6,No contact,Hub rotation,Pressure force,Near tip,No CH contact,No blade contact,0,NA,NA,NA,NA,NA,NA,NA,NA,15.85,18.73,17.19,17.39,16.89,17.19,17.39,17.69,15.85,16.89,17.69,18.73,157.469,114.273,3.244,157.469,1.855,58.932,17.46,17.3,17.04,17.46,16.88,17.7,99.415,268.8,15.5,NA,20.8,NA,268.8,17.8755,17.2785,NA,17.4445,NA,17.8755,0.01,After nadir,69.2295133182786,157.469,17.46,1340.6,GV contact,NA,NA,NA,NA,NA,NA,NA,NA,NA,0,0,0,1,0,NA,NA,NA,NA,NA,NA,NA,NA,NA,NA,NA,NA
B77-0704135945_imp,100_imp,B77,04/07,13:59:45,01:00:00,19.56,20.37,836.5,1032.1,195.6,1.19545726240287,0.178528758555258,500 (100%),High,4,2,6,No contact,No hub rotation,Pressure force,Center,No CH contact,No blade contact,0,NA,NA,NA,NA,NA,NA,NA,NA,18.93,21.81,20.27,20.47,19.97,20.27,20.47,20.77,18.93,19.97,20.77,21.81,98.492,98.492,12.789,85.121,1.724,72.153,20.42,20.42,20.22,20.63,19.7,20.81,71.649,267.1,85.8,3.1,11,NA,267.1,20.8825,20.295,20.254,20.621,NA,20.8825,0.05,After nadir,40.5674615430596,98.492,20.42,1244.6,No GV contact,NA,NA,NA,NA,NA,NA,NA,NA,NA,0,0,1,0,0,NA,NA,NA,NA,NA,NA,NA,NA,NA,NA,NA,NA
B78-0703133546_imp,100_imp,B78,03/07,13:35:46,00:59:00,30.54,30.57,837.1,970.8,133.7,1.19460040616414,0.177811741316126,500 (100%),Low,3,4,5,No contact,No hub rotation,Pressure force,Center,No CH contact,No blade contact,0,NA,NA,NA,NA,NA,NA,NA,NA,29.13,32.01,30.47,30.67,30.17,30.47,30.67,30.97,29.13,30.17,30.97,32.01,164.491,164.491,5.912,76.651,0.459,70.468,30.56,30.56,30.47,30.72,30.05,31.06,155.784,315.5,31.7,NA,315.5,NA,10.3,30.904,30.5445,NA,30.904,NA,31.042,-0.01,Before nadir,69.5929257680145,164.491,30.56,850.1,No GV contact,NA,NA,NA,NA,NA,NA,NA,NA,NA,0,0,1,0,0,NA,NA,NA,NA,NA,NA,NA,NA,NA,NA,NA,NA
B78-0703175537_imp,100_imp,B78,03/07,17:55:37,00:59:00,24.33,24.34,686.1,1249.1,563,1.45751348199971,0.376731889285292,500 (100%),Low,1,1,1,Contact,NA,NA,NA,No CH contact,Blade contact,1,Absolute tip,4,18,Indirect,NA,NA,NA,NA,22.9,25.78,24.24,24.44,23.94,24.24,24.44,24.74,22.9,23.94,24.74,25.78,210.325,191.045,10.2,210.325,2.435,77.421,24.52,24.35,24.11,24.52,23.25,24.75,139.516,692.4,692.4,NA,32.6,NA,182.4,24.314,24.314,NA,24.452,NA,24.817,0.01,After nadir,81.2253376117505,210.325,24.52,1353.2,GV contact,NA,NA,NA,NA,NA,NA,NA,NA,NA,0,0,0,1,0,NA,NA,NA,NA,NA,NA,NA,NA,NA,NA,NA,NA
B78-0703185255_imp,100_imp,B78,03/07,18:52:55,00:59:00,48.43,48.44,900.6,1183,282.4,1.11037086386853,0.104694071114666,500 (100%),High,7,5,6,Contact,NA,NA,NA,No CH contact,Blade contact,1,Near tip,2,16,Direct,NA,NA,NA,NA,47,49.88,48.34,48.54,48.04,48.34,48.54,48.84,47,48.04,48.84,49.88,189.47,189.47,12.059,76.356,7.2,100.036,48.43,48.43,48.26,48.54,47.59,49.12,23.699,439.3,439.3,4.9,397.3,76.8,213.8,48.4145,48.4145,48.2345,48.7125,47.5645,48.843,-0.01,Before nadir,88.1117416263495,189.47,48.43,1183,No GV contact,100.602,48.53,1333,100.036,49.12,1397.3,NA,NA,NA,0,0,2,0,1,NA,NA,NA,NA,NA,NA,NA,NA,NA,NA,NA,NA
B78-0704114429_imp,100_imp,B78,04/07,11:44:29,00:59:00,38.85,38.87,795.3,1039.9,244.6,1.25738714950333,0.229035877019048,500 (100%),High,6,6,5,No contact,No hub rotation,Pressure force,Center,No CH contact,No blade contact,0,NA,NA,NA,NA,NA,NA,NA,NA,37.43,40.31,38.77,38.97,38.47,38.77,38.97,39.27,37.43,38.47,39.27,40.31,207.833,207.833,10.485,130.605,3.135,88.064,38.87,38.87,38.77,39.17,37.54,39.35,207.833,425.9,60.9,NA,109.9,NA,425.9,39.33,38.845,NA,38.981,NA,39.33,0,On nadir,96.7584075392098,207.833,38.87,795.3,GV contact,130.605,39.17,1343.1,NA,NA,NA,NA,NA,NA,0,0,1,1,0,NA,NA,NA,NA,NA,NA,NA,NA,NA,NA,NA,NA
B78-0704122756_imp,100_imp,B78,04/07,12:27:56,00:59:00,21.28,21.59,839.3,933.3,94,1.19146908137734,0.175187067893355,500 (100%),High,1,1,2,No contact,No hub rotation,Pressure force,Near tip,No CH contact,No blade contact,0,NA,NA,NA,NA,NA,NA,NA,NA,20.15,23.03,21.49,21.69,21.19,21.49,21.69,21.99,20.15,21.19,21.99,23.03,89.29,89.29,24.818,78.687,2.055,46.576,21.59,21.59,21.41,21.93,20.31,22.12,89.29,156.9,12.8,9.7,12.8,20.9,156.9,22.032,21.5675,21.327,21.9405,21.119,22.032,0,On nadir,40.28321211657,NA,NA,NA,No GV contact,NA,NA,NA,NA,NA,NA,NA,NA,NA,0,0,0,0,0,NA,NA,NA,NA,NA,NA,NA,NA,NA,NA,NA,NA
B78-0704135657_imp,100_imp,B78,04/07,13:56:57,00:59:00,18.78,18.79,764.9,1076.6,311.7,1.30736043927311,0.268010172654317,500 (100%),High,4,4,2,Contact,NA,NA,NA,CH contact,No blade contact,1,Center hub,3,NA,Indirect,NA,NA,NA,NA,17.35,20.23,18.69,18.89,18.39,18.69,18.89,19.19,17.35,18.39,19.19,20.23,224.815,224.815,8.927,75.265,1.698,85.039,18.8,18.8,18.69,19.17,18.39,19.2,98.24,301.1,203.8,NA,41.6,NA,301.1,19.2385,18.761,NA,19.067,NA,19.2385,0.01,After nadir,89.4846808988635,224.815,18.8,830.2,No GV contact,NA,NA,NA,NA,NA,NA,NA,NA,NA,0,0,1,0,0,NA,NA,NA,NA,NA,NA,NA,NA,NA,NA,NA,NA
B79-0703134159_imp,100_imp,B79,03/07,13:41:59,00:59:00,24.72,24.74,788.6,1064.7,276.1,1.26806999746386,0.23749605753861,500 (100%),Low,1,1,6,Contact,NA,NA,NA,No CH contact,Blade contact,1,Absolute tip,6,18,Indirect,NA,NA,NA,NA,23.3,26.18,24.64,24.84,24.34,24.64,24.84,25.14,23.3,24.34,25.14,26.18,190.36,190.36,11.609,165.705,0.825,99.509,24.74,24.74,24.56,24.94,23.56,25.14,190.36,566,566,NA,241.8,NA,10.1,24.709,24.709,NA,24.862,NA,25.1415,0,On nadir,75.8889923914561,190.36,24.74,788.6,GV contact,165.705,24.94,1272.4,112.706,25.13,1371.4,NA,NA,NA,0,0,1,2,0,NA,NA,NA,NA,NA,NA,NA,NA,NA,NA,NA,NA
B79-0703175031_imp,100_imp,B79,03/07,17:50:31,01:00:00,23.96,24.6,902.1,968.4,66.3,1.10852455381887,0.103029900319544,500 (100%),Low,6,7,2,No contact,Hub rotation,No pressure force,Absolute tip,No CH contact,No blade contact,0,NA,NA,NA,NA,NA,NA,NA,NA,23.16,26.04,24.5,24.7,24.2,24.5,24.7,25,23.16,24.2,25,26.04,139.077,139.077,2.556,95.442,0.594,57.3,24.65,24.65,24.38,24.72,24.18,25.16,43.754,465.5,18.4,NA,241.7,NA,465.5,25.1265,24.632,NA,24.7415,NA,25.1265,0.05,After nadir,57.2888014137892,139.077,24.65,1187.8,No GV contact,NA,NA,NA,NA,NA,NA,NA,NA,NA,0,0,1,0,0,NA,NA,NA,NA,NA,NA,NA,NA,NA,NA,NA,NA
B79-0703185632_imp,100_imp,B79,03/07,18:56:32,01:00:00,26.03,26.05,859.4,1111.2,251.8,1.16360251338143,0.151520807641242,500 (100%),High,4,5,1,Contact,NA,NA,NA,No CH contact,Blade contact,1,Near hub,5,12,Indirect,NA,NA,NA,NA,24.61,27.49,25.95,26.15,25.65,25.95,26.15,26.45,24.61,25.65,26.45,27.49,228.197,228.197,10.672,163.774,1.064,38.991,26.06,26.06,25.95,26.27,25.65,26.5,150.568,229.1,195.4,3.9,136.5,NA,229.1,26.912,26.023,25.9495,26.157,NA,26.912,0.01,After nadir,114.518834947004,228.197,26.06,908.9,GV contact,163.774,26.27,1416.7,NA,NA,NA,NA,NA,NA,0,0,1,1,0,NA,NA,NA,NA,NA,NA,NA,NA,NA,NA,NA,NA
B79-0704112227_imp,100_imp,B79,04/07,11:22:27,00:59:00,24.87,24.88,737.9,1054.4,316.5,1.35519718118986,0.303946964917816,500 (100%),Low,3,1,6,Contact,NA,NA,NA,No CH contact,Blade contact,1,Absolute tip,1,18,Direct,NA,NA,NA,NA,23.44,26.32,24.78,24.98,24.48,24.78,24.98,25.28,23.44,24.48,25.28,26.32,212.097,212.097,12.987,87.905,4.037,22.356,24.89,24.89,24.71,24.99,24.48,25.85,114.169,582,582,NA,16.7,4.9,5.8,24.858,24.858,NA,24.98,23.9015,25.4805,0.01,After nadir,84.3861383491163,212.097,24.89,796.3,No GV contact,NA,NA,NA,NA,NA,NA,NA,NA,NA,0,0,1,0,0,NA,NA,NA,NA,NA,NA,NA,NA,NA,NA,NA,NA
B79-0704122208_imp,100_imp,B79,04/07,12:22:08,01:00:00,21.06,21.5,892.6,990.6,98,1.12032265292404,0.113616726786968,500 (100%),High,5,5,2,No contact,Hub rotation,No pressure force,Near hub,No CH contact,No blade contact,0,NA,NA,NA,NA,NA,NA,NA,NA,20.06,22.94,21.4,21.6,21.1,21.4,21.6,21.9,20.06,21.1,21.9,22.94,224.268,139.811,3.908,224.268,0.852,90.113,21.75,21.56,21.29,21.75,20.44,21.91,62.393,341.7,19.6,NA,35.9,NA,341.7,22.811,21.5395,NA,21.7195,NA,22.811,0.06,After nadir,64.7718618893964,139.811,21.56,1209.6,GV contact,224.268,21.75,1354.2,NA,NA,NA,NA,NA,NA,0,0,1,1,0,NA,NA,NA,NA,NA,NA,NA,NA,NA,NA,NA,NA
B79-0704135041_imp,100_imp,B79,04/07,13:50:41,00:59:00,19.02,19.04,754.9,981.2,226.3,1.32467876539939,0.281169988836558,500 (100%),High,2,2,1,No contact,No hub rotation,Pressure force,Center,No CH contact,No blade contact,0,NA,NA,NA,NA,NA,NA,NA,NA,17.6,20.48,18.94,19.14,18.64,18.94,19.14,19.44,17.6,18.64,19.44,20.48,143.945,143.945,6.556,56.59,0.775,32.531,19.04,19.04,18.82,19.24,18.17,19.55,143.945,139.9,31,NA,8.6,NA,139.9,19.545,19.02,NA,19.2205,NA,19.545,0,On nadir,67.6031699968208,143.945,19.04,754.9,No GV contact,NA,NA,NA,NA,NA,NA,NA,NA,NA,0,0,1,0,0,NA,NA,NA,NA,NA,NA,NA,NA,NA,NA,NA,NA
